1,Kenneth,Maltster,kmaltster0@cpanel.net,(602) 5143459,(785) 2754169,07 Claremont Way,Phoenix,Arizona,85099,Champlin-Hyatt,Assistant Professor,4
2,Romy,Naptin,rnaptin1@w3.org,(414) 6046118,(337) 9262380,3210 Del Sol Plaza,Milwaukee,Wisconsin,53220,Hackett-Gutmann,Physical Therapy Assistant,4
3,Kurt,Antoniazzi,kantoniazzi2@vimeo.com,(215) 1502216,(650) 3339749,3721 Browning Drive,Philadelphia,Pennsylvania,19191,Mosciski Inc,Tax Accountant,4
4,Yves,Stirgess,ystirgess3@ca.gov,(860) 3718150,(714) 8593002,15 Fremont Lane,Hartford,Connecticut,6183,Rohan-Abshire,Editor,4
5,Beverlee,Wickie,bwickie4@w3.org,(816) 4555657,(419) 1463407,84 Towne Terrace,Kansas City,Missouri,64190,Funk and Sons,Accounting Assistant I,4
6,Gardner,Gagen,ggagen5@aol.com,(916) 4584051,(302) 7718292,2 Petterle Junction,Sacramento,California,94207,Schowalter LLC,Senior Cost Accountant,4
7,Jacobo,Argo,jargo6@altervista.org,(330) 1792621,(210) 9295195,7456 Pepper Wood Park,Akron,Ohio,44315,Torp and Sons,Recruiting Manager,4
8,Allyce,Aland,aaland7@shareasale.com,(512) 1780713,(212) 8000791,5 Brentwood Point,Austin,Texas,78749,Rempel Inc,Administrative Assistant II,4
9,Hunter,McKinney,hmckinney8@woothemes.com,(212) 3639022,(615) 7288498,80 Farwell Terrace,Jamaica,New York,11431,"Rolfson, Weissnat and Johnston",Data Coordiator,4
10,Sada,Berendsen,sberendsen9@topsy.com,(704) 6327866,(661) 8764799,1245 Moose Pass,Charlotte,North Carolina,28235,Shanahan-Wilderman,Legal Assistant,4
11,Coreen,Fendlen,cfendlena@miitbeian.gov.cn,(812) 5957922,(609) 5065210,30 Forest Run Avenue,Bloomington,Indiana,47405,"Parisian, Hayes and Hamill",Sales Representative,4
12,Lucretia,Fierro,lfierrob@addthis.com,(307) 7299279,(203) 1670512,241 Moland Place,Cheyenne,Wyoming,82007,"Predovic, Ebert and Metz",Senior Editor,4
13,Reynolds,Colebourn,rcolebournc@blog.com,(251) 2708711,(858) 2215225,4 Pierstorff Road,Mobile,Alabama,36605,O'Kon and Sons,Analog Circuit Design manager,4
14,Othella,Fawdery,ofawderyd@si.edu,(202) 7579942,(303) 4281706,76 Manufacturers Street,Washington,District of Columbia,20370,Herzog-Keebler,Software Engineer II,4
15,Laurena,Rosita,lrositae@nasa.gov,(727) 8019362,(949) 6313382,3834 Lighthouse Bay Court,Tampa,Florida,33625,Hoppe and Sons,Social Worker,4
16,Rancell,Gregoraci,rgregoracif@bloglovin.com,(916) 8311005,(515) 7301860,82209 Mosinee Court,Sacramento,California,94250,Wisoky-Corwin,Structural Analysis Engineer,4
17,Ernestus,Klement,eklementg@trellian.com,(214) 4837879,(434) 2728229,733 Nova Way,Dallas,Texas,75353,"Casper, Ruecker and Conn",Human Resources Assistant I,4
18,Marilin,Ransom,mransomh@soup.io,(818) 5037253,(415) 8192140,9007 Kim Trail,North Hollywood,California,91606,"King, Gleason and Lemke",Media Manager II,4
19,Lacey,Fowls,lfowlsi@vimeo.com,(816) 9391356,(415) 7117548,0 Nevada Park,Kansas City,Missouri,64101,Nicolas-Zboncak,Junior Executive,4
20,Pen,Polsin,ppolsinj@cbc.ca,(813) 8297313,(801) 5533966,19 Dryden Road,Tampa,Florida,33694,Orn-MacGyver,Food Chemist,4
21,Morgen,Owttrim,mowttrimk@google.cn,(480) 8929738,(214) 7629363,2377 Russell Junction,Gilbert,Arizona,85297,Abshire-Wintheiser,Civil Engineer,4
22,Prentiss,Leak,pleakl@elegantthemes.com,(808) 5672444,(601) 7484618,7 Maywood Junction,Honolulu,Hawaii,96835,Shields Inc,Database Administrator III,4
23,Carter,Hulle,chullem@wix.com,(832) 5386979,(757) 6114698,02 Prairieview Court,Houston,Texas,77040,"Lindgren, Heaney and Towne",GIS Technical Architect,4
24,Cora,Von Der Empten,cvonderemptenn@prweb.com,(314) 2624165,(801) 6367917,64 Debs Lane,Saint Louis,Missouri,63143,"Walsh, Anderson and Kris",Librarian,4
25,Amelie,Polamontayne,apolamontayneo@cisco.com,(860) 5167260,(434) 2638931,15477 Ruskin Park,Hartford,Connecticut,6160,Spencer-Skiles,Financial Advisor,4
26,Sollie,Matuszewski,smatuszewskip@foxnews.com,(916) 7935544,(862) 9680859,1 Elka Crossing,Sacramento,California,94273,Brekke-McClure,Senior Sales Associate,4
27,Happy,Mytton,hmyttonq@hud.gov,(903) 7501566,(918) 2942082,469 Melvin Way,Tyler,Texas,75705,"Cummings, Leannon and Bins",Tax Accountant,4
28,Madeleine,Josiah,mjosiahr@sphinn.com,(214) 9372396,(402) 1859237,869 Gulseth Trail,Dallas,Texas,75221,"Kuhic, Runolfsdottir and Aufderhar",Tax Accountant,4
29,Diannne,Skinner,dskinners@phoca.cz,(352) 7605471,(713) 8344489,4 Cottonwood Road,Ocala,Florida,34479,Brekke-O'Kon,Clinical Specialist,4
30,Jeane,Gatman,jgatmant@ucsd.edu,(202) 2074531,(832) 8163742,952 Magdeline Street,Washington,District of Columbia,20210,Macejkovic LLC,Mechanical Systems Engineer,4
31,Wade,Lethlay,wlethlayu@51.la,(719) 4035039,(412) 3249755,6 Northland Park,Colorado Springs,Colorado,80935,"Baumbach, Schamberger and Wisozk",Electrical Engineer,4
32,Lilas,Shynn,lshynnv@bloglines.com,(918) 4213346,(405) 5670649,003 Reindahl Alley,Tulsa,Oklahoma,74141,"Schmeler, Tromp and Emard",Automation Specialist II,4
33,Carling,Roft,croftw@opensource.org,(303) 1115644,(571) 1300882,158 Mockingbird Road,Englewood,Colorado,80150,Wolff-Bernier,Assistant Media Planner,4
34,Dacey,Mauchline,dmauchlinex@printfriendly.com,(916) 7756273,(616) 4738698,05089 Northwestern Crossing,Sacramento,California,95823,"Rutherford, Nader and Nitzsche",General Manager,4
35,Britteny,Browell,bbrowelly@phpbb.com,(305) 7775008,(941) 4901487,86300 Prairieview Park,Miami,Florida,33261,"Hickle, Quitzon and Turcotte",Senior Sales Associate,4
36,Rakel,Curr,rcurrz@jugem.jp,(781) 5294873,(504) 7441115,965 Truax Court,Newton,Massachusetts,2458,Lemke-Ruecker,Senior Sales Associate,4
37,Rodolfo,Wildash,rwildash10@marketwatch.com,(215) 4276289,(480) 4532678,8379 Gale Place,Philadelphia,Pennsylvania,19196,Kohler-Larson,Editor,4
38,Tammara,Wilks,twilks11@newyorker.com,(970) 4967361,(616) 2080518,3579 Oak Park,Greeley,Colorado,80638,Mohr-McClure,Executive Secretary,4
39,Guglielma,Derrett,gderrett12@answers.com,(512) 3508773,(719) 3836691,47582 Beilfuss Point,Austin,Texas,78726,McClure Inc,Graphic Designer,4
40,Davon,Bubbins,dbubbins13@apache.org,(864) 4648516,(513) 4145583,7 Oneill Point,Greenville,South Carolina,29605,Little LLC,Account Executive,4
41,Nikolaos,D'Ambrosi,ndambrosi14@mashable.com,(505) 1199363,(202) 5373483,9442 Susan Alley,Albuquerque,New Mexico,87121,"Sanford, Hilpert and Hermiston",Executive Secretary,4
42,Zorana,Bacchus,zbacchus15@state.tx.us,(979) 7867271,(775) 1547528,611 Cody Crossing,Bryan,Texas,77806,Koss and Sons,Civil Engineer,4
43,Bard,Nutter,bnutter16@wikia.com,(210) 7711541,(304) 4485105,3920 Mifflin Park,San Antonio,Texas,78210,"Huel, Yundt and Nienow",Recruiter,4
44,Onofredo,Fidele,ofidele17@google.cn,(559) 6031437,(214) 1267532,5 Stuart Place,Fresno,California,93721,"Schiller, Klein and Erdman",Accounting Assistant II,4
45,Mozes,McCane,mmccane18@wp.com,(805) 7743172,(213) 9393337,34455 Forster Parkway,Oxnard,California,93034,Wolff-Wiza,Food Chemist,4
46,Gianina,O'Cannavan,gocannavan19@aboutads.info,(253) 7318708,(405) 5037700,69 Magdeline Plaza,Kent,Washington,98042,Kilback-Schulist,Actuary,4
47,Shirline,Hounsom,shounsom1a@google.es,(202) 3518411,(816) 9584801,4391 Hagan Point,Washington,District of Columbia,20404,Rice LLC,Registered Nurse,4
48,Honey,Guinn,hguinn1b@sakura.ne.jp,(253) 9548992,(832) 6947805,34392 Cordelia Drive,Tacoma,Washington,98411,Botsford-Nicolas,Accounting Assistant III,4
49,Freddie,Pickle,fpickle1c@state.gov,(719) 6355205,(303) 6136641,51 Dwight Road,Colorado Springs,Colorado,80935,Legros-Kemmer,Marketing Manager,4
50,Cordy,Faloon,cfaloon1d@omniture.com,(808) 7253684,(915) 3419621,8 Straubel Street,Honolulu,Hawaii,96835,Moen-Huel,Biostatistician II,4
51,Joanna,Grantham,jgrantham1e@businessweek.com,(757) 7149798,(612) 7369909,993 Kingsford Junction,Newport News,Virginia,23605,Monahan Group,Environmental Specialist,4
52,Ailee,Smieton,asmieton1f@indiegogo.com,(504) 7120670,(408) 3865668,9 Armistice Avenue,New Orleans,Louisiana,70174,Kreiger Group,Accounting Assistant I,4
53,Rowland,Solleme,rsolleme1g@hexun.com,(303) 9654811,(312) 1599102,86114 Grasskamp Plaza,Denver,Colorado,80299,"Orn, Altenwerth and Denesik",Software Engineer IV,4
54,Brannon,Mosten,bmosten1h@usda.gov,(956) 8021017,(469) 6503564,12135 Elmside Terrace,Laredo,Texas,78044,Schinner LLC,Design Engineer,4
55,Garrard,Ingrey,gingrey1i@clickbank.net,(806) 4229697,(205) 4767620,235 Mariners Cove Plaza,Amarillo,Texas,79118,Von LLC,Junior Executive,4
56,Sue,Cormode,scormode1j@cam.ac.uk,(210) 6272568,(304) 6099386,51007 Pine View Street,San Antonio,Texas,78291,Huel-Christiansen,Automation Specialist IV,4
57,Maitilde,MacHoste,mmachoste1k@blog.com,(901) 7146847,(408) 2326530,650 Macpherson Junction,Memphis,Tennessee,38161,Gutkowski LLC,Nuclear Power Engineer,4
58,Clarette,Matthensen,cmatthensen1l@wiley.com,(213) 2862274,(401) 6938305,66 Hayes Plaza,Los Angeles,California,90030,Ritchie and Sons,Project Manager,4
59,Vincents,Lyles,vlyles1m@purevolume.com,(315) 8015422,(516) 7999767,16 Johnson Drive,Utica,New York,13505,Lueilwitz and Sons,Research Associate,4
60,Osbourn,Harbidge,oharbidge1n@domainmarket.com,(202) 1306435,(805) 1192839,94073 Lillian Pass,Washington,District of Columbia,20456,Mohr-Effertz,Developer III,4
61,Olivero,Dulake,odulake1o@fema.gov,(727) 7173718,(916) 2564548,28 Center Park,Clearwater,Florida,34615,Kuphal LLC,Operator,4
62,Alleyn,Everit,aeverit1p@mozilla.org,(720) 1707112,(646) 4075352,9 Dennis Terrace,Denver,Colorado,80299,Spencer-Christiansen,Web Designer I,4
63,Heida,Gummory,hgummory1q@wordpress.org,(917) 1644047,(727) 7061652,4 Scofield Terrace,Bronx,New York,10459,Smitham-Blick,Senior Editor,4
64,Kelsi,Lovett,klovett1r@shareasale.com,(714) 1189063,(361) 6221221,1339 Service Parkway,Irvine,California,92612,Conn Inc,Financial Advisor,4
65,Lillian,Dumbare,ldumbare1s@fastcompany.com,(915) 9597566,(240) 4745739,34139 Luster Lane,El Paso,Texas,88541,Zulauf Inc,Accounting Assistant II,4
66,Fitz,Werner,fwerner1t@ycombinator.com,(646) 2724461,(612) 9476597,2 Coleman Drive,New York City,New York,10270,Predovic Group,Research Associate,4
67,Esta,Chavey,echavey1u@weather.com,(469) 4624119,(863) 5739417,038 Kings Road,Garland,Texas,75044,Cronin-Bernhard,Nurse,4
68,Kimbell,Otto,kotto1v@t-online.de,(941) 5336946,(315) 9997682,2732 Hoepker Center,Port Charlotte,Florida,33954,"Macejkovic, Orn and Willms",Research Associate,4
69,Kile,France,kfrance1w@pen.io,(785) 7775209,(754) 5862900,5831 Golf Trail,Topeka,Kansas,66617,Effertz-Sanford,Financial Analyst,4
70,Harper,Lanphere,hlanphere1x@wp.com,(865) 6732046,(919) 2769019,2281 Declaration Terrace,Knoxville,Tennessee,37919,"Baumbach, Zulauf and Kunze",Programmer I,4
71,Dominica,Gutowski,dgutowski1y@yelp.com,(512) 7236725,(314) 8625239,8 Merrick Plaza,Austin,Texas,78789,Mohr-Skiles,Human Resources Manager,4
72,Hyacintha,Laslett,hlaslett1z@hc360.com,(818) 3878172,(816) 4352571,79765 Del Mar Junction,Los Angeles,California,90005,"Hane, Sipes and Towne",Office Assistant I,4
73,Evita,Staries,estaries20@ebay.co.uk,(775) 5151577,(718) 1629900,287 Elgar Alley,Reno,Nevada,89505,Schaden-Jacobi,Web Designer II,4
74,Dayle,Labusquiere,dlabusquiere21@umn.edu,(251) 5121837,(515) 2008734,918 Acker Terrace,Mobile,Alabama,36610,"Maggio, Cartwright and McClure",Research Associate,4
75,Claybourne,Billion,cbillion22@webmd.com,(202) 8967350,(312) 8716938,87073 Lillian Junction,Washington,District of Columbia,20057,Lindgren-Terry,Account Coordinator,4
76,Betsey,Stivens,bstivens23@newyorker.com,(212) 3440247,(518) 2221601,55 Hudson Circle,New York City,New York,10170,"Parker, Tromp and Ryan",Senior Financial Analyst,4
77,Mary,Cisland,mcisland24@chicagotribune.com,(202) 6782455,(240) 9231585,84650 Ohio Junction,Washington,District of Columbia,20591,Spencer Group,Analyst Programmer,4
78,Obadiah,Avard,oavard25@redcross.org,(862) 6137716,(251) 6182134,566 Carberry Circle,Newark,New Jersey,7195,Wolff LLC,Chemical Engineer,4
79,Alicea,Dellenbrook,adellenbrook26@infoseek.co.jp,(785) 2309969,(989) 1887225,9 Gateway Lane,Topeka,Kansas,66606,Collins Inc,Assistant Manager,4
80,Michale,McKerlie,mmckerlie27@skype.com,(616) 7582009,(940) 8666389,83750 Mesta Terrace,Grand Rapids,Michigan,49505,"Gerhold, Greenholt and Mayer",Software Test Engineer I,4
81,Aloisia,Cannell,acannell28@chicagotribune.com,(816) 3801588,(323) 4987629,54 Spenser Alley,Kansas City,Missouri,64193,Ratke Inc,Senior Sales Associate,4
82,Pinchas,De Leek,pdeleek29@diigo.com,(540) 2122087,(585) 3938262,208 Waubesa Parkway,Roanoke,Virginia,24034,Hermiston and Sons,Analyst Programmer,4
83,Norbie,O'Dee,nodee2a@mapquest.com,(907) 4746249,(954) 3221256,18 Farmco Alley,Fairbanks,Alaska,99790,Bednar and Sons,Project Manager,4
84,Clerkclaude,Casseldine,ccasseldine2b@reddit.com,(720) 7705783,(415) 4393204,6062 Scoville Parkway,Denver,Colorado,80299,Hickle Inc,Administrative Officer,4
85,Devinne,Luetkemeyer,dluetkemeyer2c@msn.com,(727) 2178867,(517) 1679167,633 Ilene Hill,Saint Petersburg,Florida,33742,Wiza Inc,Pharmacist,4
86,Nelie,Normanell,nnormanell2d@artisteer.com,(412) 4500626,(562) 6985058,3631 Hazelcrest Trail,Pittsburgh,Pennsylvania,15205,"Goyette, Deckow and Kulas",Staff Scientist,4
87,Garwin,Manger,gmanger2e@plala.or.jp,(916) 7177346,(813) 3285220,44 Forest Dale Hill,Sacramento,California,95828,"Dietrich, Weimann and Waters",Analog Circuit Design manager,4
88,Fremont,Weth,fweth2f@artisteer.com,(816) 8873214,(806) 7931976,413 Forest Dale Crossing,Kansas City,Missouri,64109,Wisoky-Kling,Safety Technician III,4
89,Freddi,Flemyng,fflemyng2g@yellowpages.com,(214) 9767047,(315) 2281267,7 Stone Corner Plaza,Dallas,Texas,75372,"O'Keefe, Kovacek and Legros",Accounting Assistant II,4
90,Giralda,Babbs,gbabbs2h@nifty.com,(334) 6284582,(904) 1977024,6762 Bultman Alley,Birmingham,Alabama,35210,"Carter, Rogahn and Beer",Automation Specialist IV,4
91,Cloe,Dusting,cdusting2i@yellowpages.com,(806) 2393117,(406) 7669845,26082 Delladonna Road,Lubbock,Texas,79405,"Batz, Witting and West",Sales Representative,4
92,Kendre,Castellan,kcastellan2j@unesco.org,(281) 8598131,(202) 3983046,382 Menomonie Way,Houston,Texas,77293,Borer-Reynolds,Programmer Analyst IV,4
93,Ollie,Chasles,ochasles2k@google.com.br,(203) 9433891,(302) 7636770,274 Rockefeller Alley,Bridgeport,Connecticut,6673,"Jaskolski, Kuhlman and Witting",Biostatistician IV,4
94,Julianna,Brayne,jbrayne2l@ted.com,(619) 2984734,(916) 9069552,2 Alpine Alley,San Diego,California,92160,Hilll-Brakus,Information Systems Manager,4
95,Davidson,Jordin,djordin2m@stanford.edu,(850) 7960979,(918) 5429551,840 Randy Junction,Pensacola,Florida,32595,Toy Inc,Senior Editor,4
96,Hedvige,Cossons,hcossons2n@pcworld.com,(901) 8561450,(320) 9591373,7427 Bluejay Point,Memphis,Tennessee,38161,"Franecki, Runolfsson and Littel",Speech Pathologist,4
97,Linoel,Forward,lforward2o@gov.uk,(862) 8413880,(248) 1280334,6 Glacier Hill Junction,Newark,New Jersey,7195,"Rowe, Koch and Johns",VP Quality Control,4
98,Fredric,Scamerden,fscamerden2p@etsy.com,(716) 7517096,(918) 5467262,897 Sachs Parkway,Buffalo,New York,14233,Emard Inc,Assistant Manager,4
99,Lucien,Osichev,losichev2q@epa.gov,(386) 3264032,(706) 2688559,16080 Calypso Road,Daytona Beach,Florida,32128,Murray LLC,Software Engineer IV,4
100,Tades,Coggeshall,tcoggeshall2r@amazon.co.uk,(202) 8052995,(573) 5150776,9 Elmside Trail,Washington,District of Columbia,20508,Powlowski-Gleason,Internal Auditor,4
101,Syman,Vernall,svernall2s@sbwire.com,(865) 9581055,(406) 5763848,29 Graedel Hill,Knoxville,Tennessee,37931,Mann-Reinger,Design Engineer,4
102,Adlai,Mailes,amailes2t@blogspot.com,(404) 5748337,(214) 9836588,9 Haas Court,Marietta,Georgia,30066,"Feest, Dickinson and Goyette",VP Product Management,4
103,Ibbie,Rounsefell,irounsefell2u@usa.gov,(816) 8817409,(321) 3167896,719 Mifflin Alley,Kansas City,Missouri,64149,Hansen-Pfannerstill,Graphic Designer,4
104,Carlin,Tryme,ctryme2v@amazon.de,(312) 5142665,(508) 7146048,209 Fallview Center,Chicago,Illinois,60636,Bartell-Howe,Staff Accountant II,4
105,Mayer,Paule,mpaule2w@seesaa.net,(571) 8246946,(202) 3362550,66676 Ronald Regan Hill,Ashburn,Virginia,22093,Legros Inc,Assistant Manager,4
106,Verile,Maffezzoli,vmaffezzoli2x@yahoo.co.jp,(919) 2615506,(804) 2503809,9939 Schiller Court,Raleigh,North Carolina,27626,"Buckridge, Kunde and Durgan",Nurse,4
107,Bernardine,Coldtart,bcoldtart2y@hubpages.com,(205) 3197806,(214) 8983594,2 High Crossing Park,Birmingham,Alabama,35263,Bode-Keeling,Nurse Practicioner,4
108,Alley,Aykroyd,aaykroyd2z@loc.gov,(918) 9316043,(212) 2678298,42870 Judy Plaza,Tulsa,Oklahoma,74103,"Watsica, Treutel and Veum",Sales Associate,4
109,Barnett,Joynes,bjoynes30@paypal.com,(212) 9717336,(303) 8633282,221 Myrtle Circle,New York City,New York,10260,"Streich, Collier and Kunze",Registered Nurse,4
110,Nina,Brinded,nbrinded31@google.co.jp,(915) 6147924,(563) 2392794,2 Katie Street,El Paso,Texas,88525,Torphy Group,Marketing Manager,4
111,Peta,Gaveltone,pgaveltone32@eepurl.com,(757) 6951612,(646) 6413518,7 Superior Place,Suffolk,Virginia,23436,Flatley-Kirlin,Librarian,4
112,Fifine,Cicculini,fcicculini33@yandex.ru,(626) 6649374,(323) 2338916,89 Pepper Wood Pass,Los Angeles,California,90010,Stamm Inc,Assistant Media Planner,4
113,Mari,Simonaitis,msimonaitis34@google.ru,(719) 5434782,(303) 8432995,48047 Crownhardt Street,Colorado Springs,Colorado,80920,Swift and Sons,Graphic Designer,4
114,Haven,Spinas,hspinas35@prnewswire.com,(832) 8825101,(217) 7396689,46653 Dawn Park,Houston,Texas,77065,"Lakin, Kassulke and Herzog",Biostatistician III,4
115,Bertrando,Lynett,blynett36@spotify.com,(786) 5259773,(480) 6102521,19 Summit Crossing,Miami,Florida,33196,"Schulist, Feeney and Krajcik",Engineer I,4
116,Berti,Comberbeach,bcomberbeach37@mysql.com,(757) 9795191,(305) 4289428,9994 Badeau Avenue,Herndon,Virginia,22070,Ritchie LLC,Research Assistant IV,4
117,Jilly,Ilyunin,jilyunin38@trellian.com,(410) 5089124,(801) 2983179,58342 Brentwood Junction,Baltimore,Maryland,21265,O'Kon LLC,Graphic Designer,4
118,Stern,Girardot,sgirardot39@cbslocal.com,(413) 6709659,(239) 7941960,42149 Iowa Point,Springfield,Massachusetts,1105,"Reynolds, Schmidt and Emard",Account Representative I,4
119,Bernadette,Longega,blongega3a@independent.co.uk,(212) 2682803,(619) 4453515,07309 Shoshone Circle,New York City,New York,10115,Haag-Raynor,Systems Administrator II,4
120,Ulysses,Lehrer,ulehrer3b@cafepress.com,(772) 1904513,(863) 3127525,7451 Division Center,Port Saint Lucie,Florida,34985,Mayer-Dare,Cost Accountant,4
121,Sullivan,Drepp,sdrepp3c@sciencedaily.com,(404) 4438551,(614) 7023737,5 5th Point,Duluth,Georgia,30195,"Koelpin, Willms and Friesen",Internal Auditor,4
122,Bogart,Goodwyn,bgoodwyn3d@hubpages.com,(512) 2347197,(516) 3286870,67101 1st Junction,Austin,Texas,78703,Collins-Lind,Teacher,4
123,Maximilien,Harwin,mharwin3e@shinystat.com,(602) 7279945,(817) 1980151,91784 Lakewood Gardens Terrace,Phoenix,Arizona,85030,Kassulke-Rodriguez,Food Chemist,4
124,Gelya,Atthow,gatthow3f@harvard.edu,(843) 1954272,(801) 2768922,75372 Calypso Drive,Charleston,South Carolina,29424,"Jacobs, Altenwerth and Weber",Social Worker,4
125,Sebastiano,Morales,smorales3g@i2i.jp,(901) 3575856,(801) 5214372,2 Maryland Court,Memphis,Tennessee,38143,Gottlieb-Trantow,Financial Advisor,4
126,Christophorus,Yegoshin,cyegoshin3h@studiopress.com,(301) 6185642,(260) 6245286,65660 Colorado Place,Bethesda,Maryland,20816,Tremblay Inc,Senior Financial Analyst,4
127,Novelia,Lound,nlound3i@howstuffworks.com,(505) 6130452,(304) 9306434,289 Texas Park,Albuquerque,New Mexico,87115,Moen-Krajcik,Mechanical Systems Engineer,4
128,Dorisa,Romi,dromi3j@over-blog.com,(614) 1552377,(606) 8617206,51668 Stoughton Terrace,Columbus,Ohio,43268,Heaney LLC,Professor,4
129,Immanuel,L'Hommee,ilhommee3k@gizmodo.com,(704) 2664230,(205) 6706546,988 Springs Trail,Charlotte,North Carolina,28225,Feeney Group,VP Sales,4
130,Rogerio,MacCartney,rmaccartney3l@weather.com,(989) 2050889,(559) 9207427,478 East Center,Saginaw,Michigan,48609,Schroeder-Hermiston,Office Assistant IV,4
131,Filmore,Izhak,fizhak3m@ox.ac.uk,(703) 3976991,(619) 2684910,315 Jackson Alley,Washington,District of Columbia,20041,"White, Grimes and Bednar",Data Coordiator,4
132,Nicolina,Wrotham,nwrotham3n@ezinearticles.com,(920) 8333414,(860) 6347464,0 Brickson Park Plaza,Green Bay,Wisconsin,54305,"Reinger, Bins and Lakin",Financial Analyst,4
133,Neale,Wantling,nwantling3o@telegraph.co.uk,(803) 7383414,(310) 3530092,60788 Oxford Terrace,Aiken,South Carolina,29805,Mueller Group,Speech Pathologist,4
134,Marissa,Edmunds,medmunds3p@thetimes.co.uk,(952) 5752457,(503) 1815994,35578 Washington Hill,Maple Plain,Minnesota,55579,Maggio and Sons,Geologist II,4
135,Nerty,Janeway,njaneway3q@is.gd,(212) 8751109,(559) 1418947,592 Del Sol Avenue,New York City,New York,10184,Cole and Sons,Social Worker,4
136,Hal,Riteley,hriteley3r@smh.com.au,(801) 6818547,(414) 6941601,7775 Hovde Junction,Salt Lake City,Utah,84125,Rice-Halvorson,Teacher,4
137,Yurik,Sondon,ysondon3s@wisc.edu,(508) 5409502,(202) 9979015,2 Springs Junction,Brockton,Massachusetts,2305,Parker and Sons,Recruiter,4
138,Bordie,Brobeck,bbrobeck3t@bizjournals.com,(202) 7668475,(321) 2058670,8 Lakewood Gardens Hill,Washington,District of Columbia,20088,Beatty-Vandervort,Desktop Support Technician,4
139,Ellene,Woodyer,ewoodyer3u@plala.or.jp,(202) 1116284,(206) 1707700,314 Armistice Junction,Washington,District of Columbia,20404,"Douglas, Corkery and Feeney",Accounting Assistant II,4
140,Robyn,MacDunlevy,rmacdunlevy3v@engadget.com,(214) 4112474,(516) 2941965,66144 High Crossing Center,Dallas,Texas,75265,"Miller, Harber and Hilpert",Librarian,4
141,Loria,Newnham,lnewnham3w@live.com,(415) 1938958,(806) 5418539,40 Westridge Hill,San Francisco,California,94126,Hilpert Inc,Tax Accountant,4
142,Randie,Oughtright,roughtright3x@japanpost.jp,(314) 2643928,(315) 8173527,31 Schurz Place,Saint Louis,Missouri,63196,"Stanton, Hermann and Blanda",Food Chemist,4
143,Barby,Vaughten,bvaughten3y@uol.com.br,(901) 5918103,(812) 4308450,7182 East Circle,Memphis,Tennessee,38188,"Denesik, Koss and Gorczany",Research Assistant I,4
144,Gerome,Ghelardi,gghelardi3z@surveymonkey.com,(312) 1435087,(650) 8823020,211 Granby Trail,Chicago,Illinois,60697,Nitzsche-Rolfson,Staff Scientist,4
145,Neysa,Mariette,nmariette40@slate.com,(719) 7993124,(717) 2390258,7305 Artisan Plaza,Colorado Springs,Colorado,80915,Blick LLC,Media Manager I,4
146,Abbie,McNeill,amcneill41@hibu.com,(209) 8253262,(312) 1672586,028 American Circle,Modesto,California,95354,Bosco Inc,Nuclear Power Engineer,4
147,Anna,Callum,acallum42@nydailynews.com,(570) 3808379,(520) 9422514,7277 Chive Lane,Wilkes Barre,Pennsylvania,18706,Heller-Lehner,Help Desk Technician,4
148,Hedvig,Chafney,hchafney43@dot.gov,(203) 5758851,(916) 4772866,59 Orin Circle,Bridgeport,Connecticut,6673,"Murray, Wyman and Brakus",Media Manager IV,4
149,Selinda,Maddox,smaddox44@rambler.ru,(317) 1941846,(562) 2718702,861 Magdeline Drive,Indianapolis,Indiana,46295,"West, Quigley and Halvorson",Food Chemist,4
150,Ailyn,Scartifield,ascartifield45@howstuffworks.com,(608) 5334163,(214) 1522894,5584 Chinook Trail,Madison,Wisconsin,53790,Wehner LLC,Software Consultant,4
151,Jocelin,MacCroary,jmaccroary46@bandcamp.com,(316) 1978970,(713) 3491235,859 Green Terrace,Wichita,Kansas,67260,"Kulas, Hane and Keebler",Budget/Accounting Analyst III,4
152,Berthe,Gilfether,bgilfether47@latimes.com,(808) 3732387,(518) 5648783,3116 Hovde Terrace,Honolulu,Hawaii,96835,Stanton Inc,Accountant II,4
153,Larry,Magor,lmagor48@rediff.com,(303) 7058320,(937) 3154091,04146 Gateway Terrace,Denver,Colorado,80291,"Baumbach, Corwin and Daugherty",Nuclear Power Engineer,4
154,Gratiana,Gaskin,ggaskin49@harvard.edu,(501) 1057294,(661) 1930013,259 Barnett Center,Hot Springs National Park,Arkansas,71914,Nicolas Inc,Research Associate,4
155,Jandy,Enrich,jenrich4a@bluehost.com,(239) 9382117,(682) 8492542,02174 Fairfield Road,Fort Myers,Florida,33913,"Schaefer, Rath and Ullrich",Senior Financial Analyst,4
156,Seline,Mecozzi,smecozzi4b@arstechnica.com,(212) 3255749,(562) 8484175,3 Brown Street,New York City,New York,10203,"Mitchell, Bruen and Fritsch",Administrative Assistant III,4
157,Christiane,Wrankmore,cwrankmore4c@icq.com,(901) 5558841,(215) 1958276,5716 Merry Park,Memphis,Tennessee,38161,"Kuvalis, Renner and Halvorson",Structural Analysis Engineer,4
158,Paolina,Kobpa,pkobpa4d@so-net.ne.jp,(405) 7733629,(419) 2480981,63905 Vahlen Trail,Oklahoma City,Oklahoma,73157,Nicolas Group,VP Accounting,4
159,Jewelle,Swadon,jswadon4e@infoseek.co.jp,(304) 1099953,(304) 5684380,1780 Bartillon Trail,Huntington,West Virginia,25711,"Lindgren, Bode and Harber",Product Engineer,4
160,Josefina,Paddy,jpaddy4f@ucla.edu,(443) 3951092,(863) 4542934,3966 American Ash Pass,Baltimore,Maryland,21239,"D'Amore, Kuphal and Brekke",Web Developer I,4
161,Natalee,Deaconson,ndeaconson4g@geocities.jp,(704) 4355659,(304) 7123740,97995 Vahlen Park,Charlotte,North Carolina,28284,"Frami, Kihn and Carroll",Librarian,4
162,Gabbie,Boffin,gboffin4h@noaa.gov,(845) 8091654,(937) 4056376,99879 Sachtjen Point,White Plains,New York,10606,"Doyle, Bradtke and Bode",Geological Engineer,4
163,Clemmy,Bond,cbond4i@gravatar.com,(810) 7036537,(817) 5095694,93 Jenifer Crossing,Detroit,Michigan,48211,Quigley-Murazik,Clinical Specialist,4
164,Isahella,Blore,iblore4j@t-online.de,(785) 8544564,(612) 5244942,0425 Southridge Place,Topeka,Kansas,66622,"Hermann, Balistreri and O'Connell",Information Systems Manager,4
165,Amber,Roseaman,aroseaman4k@reddit.com,(706) 2659552,(806) 8203839,1534 Nova Terrace,Columbus,Georgia,31914,"Reilly, Nienow and Stark",Director of Sales,4
166,Nettle,Dillinger,ndillinger4l@facebook.com,(520) 6179327,(304) 3683186,78687 Mosinee Court,Tucson,Arizona,85748,Wyman Inc,Software Engineer III,4
167,Libby,Gerhartz,lgerhartz4m@umn.edu,(919) 1850046,(803) 1710279,570 Dovetail Drive,Raleigh,North Carolina,27658,"Lehner, Schulist and Homenick",Registered Nurse,4
168,Hermine,Sket,hsket4n@samsung.com,(313) 6777642,(704) 4255644,37036 Ridge Oak Drive,Detroit,Michigan,48217,Luettgen-Walker,Occupational Therapist,4
169,Burl,Picker,bpicker4o@quantcast.com,(254) 5807350,(405) 3072764,8889 Atwood Place,Waco,Texas,76796,Feil Inc,Research Assistant I,4
170,Rodolph,Prattington,rprattington4p@engadget.com,(206) 6192728,(646) 7971898,0583 Marcy Place,Seattle,Washington,98175,Romaguera-Goodwin,Web Designer II,4
171,Miller,Alvis,malvis4q@mashable.com,(618) 8853837,(917) 8889693,8690 Acker Place,East Saint Louis,Illinois,62205,White-White,Junior Executive,4
172,Finley,Tamas,ftamas4r@springer.com,(720) 5109263,(513) 2783426,70247 Sutteridge Alley,Denver,Colorado,80204,Rice-Shanahan,Staff Accountant II,4
173,Audrie,Edgington,aedgington4s@163.com,(713) 6170294,(806) 2821330,950 International Pass,Houston,Texas,77045,"Parisian, Kerluke and Nikolaus",Health Coach IV,4
174,Caty,Whitlow,cwhitlow4t@istockphoto.com,(914) 7379703,(334) 6659436,613 Pearson Drive,Mount Vernon,New York,10557,Schowalter Inc,Research Nurse,4
175,Brendan,Rannigan,brannigan4u@hubpages.com,(816) 5716706,(281) 5064403,439 Surrey Parkway,Kansas City,Missouri,64153,Haley-Jacobson,Quality Engineer,4
176,Lucias,Bow,lbow4v@linkedin.com,(713) 7163479,(415) 4706648,01 Badeau Park,Houston,Texas,77245,Buckridge-Emard,Technical Writer,4
177,Tonya,Langston,tlangston4w@google.co.jp,(808) 2412904,(412) 8086916,4 Dottie Junction,Honolulu,Hawaii,96825,Bins-Heller,Recruiting Manager,4
178,Merna,Maylard,mmaylard4x@nifty.com,(603) 9518752,(202) 2549090,062 Red Cloud Avenue,Manchester,New Hampshire,3105,Larson and Sons,Compensation Analyst,4
179,Eric,Weatherburn,eweatherburn4y@ihg.com,(309) 4618828,(678) 8752027,080 Division Trail,Peoria,Illinois,61635,Kshlerin LLC,Information Systems Manager,4
180,Cristiano,Bluett,cbluett4z@geocities.jp,(714) 9532979,(256) 2197988,0 Dottie Junction,Irvine,California,92717,MacGyver-Lueilwitz,Environmental Specialist,4
181,Audre,Cornilli,acornilli50@netvibes.com,(229) 7247622,(916) 5247437,18350 Mccormick Lane,Valdosta,Georgia,31605,"Ward, Parisian and Rolfson",Accounting Assistant I,4
182,Barr,Bayles,bbayles51@merriam-webster.com,(918) 4680171,(214) 1042992,3757 Calypso Lane,Tulsa,Oklahoma,74126,O'Kon LLC,Business Systems Development Analyst,4
183,Rosanna,Gladdish,rgladdish52@oakley.com,(512) 6433156,(208) 2486133,1952 Atwood Alley,Austin,Texas,78703,Reichert Inc,Librarian,4
184,Bev,Lowde,blowde53@ocn.ne.jp,(602) 5734857,(316) 3170591,89437 Canary Alley,Phoenix,Arizona,85099,Jenkins Group,VP Product Management,4
185,Jenilee,Dobrowolny,jdobrowolny54@imdb.com,(253) 2653637,(832) 8159537,4 Duke Plaza,Tacoma,Washington,98417,Ledner LLC,Web Designer IV,4
186,Kip,MacCaig,kmaccaig55@narod.ru,(859) 6348469,(512) 6501988,8635 Red Cloud Point,Lexington,Kentucky,40576,Hammes-Erdman,Environmental Tech,4
187,Georges,Mozzini,gmozzini56@php.net,(434) 4063557,(858) 4637155,501 Cody Drive,Durham,North Carolina,27705,"Bogisich, Connelly and Koch",Research Associate,4
188,Tiena,Lambe,tlambe57@com.com,(202) 7749893,(917) 1411497,105 Burrows Alley,Washington,District of Columbia,20099,Kassulke-Blanda,Senior Cost Accountant,4
189,Marion,Versey,mversey58@sphinn.com,(937) 7892475,(281) 6039347,01 Fisk Court,Dayton,Ohio,45403,Wintheiser Group,Product Engineer,4
190,Lulu,Yitzowitz,lyitzowitz59@discovery.com,(334) 2111861,(845) 2623806,898 Waywood Avenue,Birmingham,Alabama,35210,"Larkin, Toy and Ullrich",Quality Control Specialist,4
191,Veronique,Baglin,vbaglin5a@nationalgeographic.com,(413) 2925256,(303) 8255051,80510 West Street,Springfield,Massachusetts,1152,"Borer, Jones and Schmidt",Social Worker,4
192,Andres,Kinchington,akinchington5b@businessinsider.com,(312) 7071396,(505) 8015855,8 Lake View Junction,Chicago,Illinois,60674,Hilpert and Sons,VP Sales,4
193,Breanne,Speere,bspeere5c@mail.ru,(217) 1784162,(208) 7246703,958 Westerfield Park,Springfield,Illinois,62711,"Schneider, Langworth and Bosco",Sales Associate,4
194,Bobine,Gaynor,bgaynor5d@etsy.com,(717) 9380810,(540) 5091028,1194 Maple Wood Junction,Harrisburg,Pennsylvania,17110,Hilpert-Barton,Payment Adjustment Coordinator,4
195,Monro,Meegan,mmeegan5e@seesaa.net,(240) 4085259,(810) 2965538,66387 Bartelt Trail,Gaithersburg,Maryland,20883,"Boehm, Jacobson and Schiller",Developer I,4
196,Morgen,Ventura,mventura5f@goodreads.com,(770) 4860507,(210) 4433758,25956 Mallard Street,Norcross,Georgia,30092,Braun-Kuphal,Programmer Analyst II,4
197,Lydia,Basile,lbasile5g@rediff.com,(713) 5435007,(361) 9269600,7 Talisman Parkway,Houston,Texas,77223,Klocko-Littel,Senior Financial Analyst,4
198,Fanechka,Aneley,faneley5h@yelp.com,(469) 3713150,(832) 1432791,6 Sloan Terrace,Dallas,Texas,75226,Considine-Gottlieb,Systems Administrator II,4
199,Gordy,Lynde,glynde5i@loc.gov,(410) 8979096,(937) 8524125,3 Eastlawn Point,Baltimore,Maryland,21229,"West, Trantow and Pouros",Automation Specialist III,4
200,Robby,Higgoe,rhiggoe5j@whitehouse.gov,(937) 1505754,(213) 1442259,4513 Almo Terrace,Dayton,Ohio,45426,Fisher LLC,Physical Therapy Assistant,4
201,Zahara,De Malchar,zdemalchar5k@blog.com,(563) 6212716,(614) 9325405,4285 Carey Park,Davenport,Iowa,52804,Boehm-Steuber,Software Consultant,4
202,Ezekiel,Curgenven,ecurgenven5l@bravesites.com,(210) 7904965,(312) 2609290,3 Basil Street,San Antonio,Texas,78291,Langworth and Sons,Assistant Media Planner,4
203,Christophorus,De Brett,cdebrett5m@opera.com,(847) 9469428,(410) 6421007,62701 Stone Corner Park,Evanston,Illinois,60208,"Daugherty, Carter and Keeling",Accountant III,4
204,Charmaine,Eardley,ceardley5n@pcworld.com,(707) 1617907,(563) 8073238,4 Randy Road,Santa Rosa,California,95405,Ferry-Mosciski,Automation Specialist II,4
205,Ax,Paull,apaull5o@digg.com,(415) 6602997,(209) 3399044,648 Fair Oaks Park,San Francisco,California,94142,Johnson LLC,Senior Sales Associate,4
206,Janifer,Flancinbaum,jflancinbaum5p@apple.com,(619) 9158063,(702) 4778716,63025 Autumn Leaf Pass,San Diego,California,92115,Lang-Aufderhar,Financial Advisor,4
207,Alexandro,Giorgio,agiorgio5q@51.la,(415) 3349618,(424) 3951949,9626 Wayridge Hill,San Francisco,California,94159,McClure-Blick,Programmer IV,4
208,Benito,Danforth,bdanforth5r@wikimedia.org,(786) 4233698,(616) 7394231,86148 Reindahl Way,Miami,Florida,33169,"Mertz, Cummerata and Mills",Assistant Manager,4
209,Mikol,Featherbie,mfeatherbie5s@skype.com,(785) 2519161,(360) 7544079,1761 Troy Place,Topeka,Kansas,66611,"Durgan, Kreiger and McLaughlin",VP Product Management,4
210,Hanny,Tickner,htickner5t@over-blog.com,(910) 7531347,(214) 2871919,6190 Doe Crossing Center,Greensboro,North Carolina,27455,Waelchi Inc,Health Coach III,4
211,Audra,Doward,adoward5u@odnoklassniki.ru,(630) 6865305,(859) 9494945,379 Magdeline Court,Chicago,Illinois,60641,Rolfson LLC,Accounting Assistant III,4
212,Annalise,Glassborow,aglassborow5v@uol.com.br,(731) 4876573,(770) 7318328,6489 Schlimgen Plaza,Jackson,Tennessee,38308,Feeney Group,Civil Engineer,4
213,Goldy,Quarlis,gquarlis5w@fotki.com,(909) 9809589,(314) 5747766,7 Pleasure Way,San Bernardino,California,92405,Moen LLC,Project Manager,4
214,Merell,Tabner,mtabner5x@ask.com,(208) 7359657,(626) 4254610,6 Hanover Circle,Boise,Idaho,83722,Hermiston and Sons,Nuclear Power Engineer,4
215,Vanya,Sigmund,vsigmund5y@umn.edu,(209) 2262216,(704) 4516357,57854 Mosinee Lane,Stockton,California,95210,Muller and Sons,Electrical Engineer,4
216,Ransell,Lechelle,rlechelle5z@disqus.com,(512) 6854492,(254) 5232980,8 Dayton Plaza,Austin,Texas,78764,"Lehner, Collins and Larson",Speech Pathologist,4
217,Decca,Faircloth,dfaircloth60@weebly.com,(781) 3360559,(520) 3855113,5375 Melrose Road,Cambridge,Massachusetts,2142,Deckow-Maggio,Quality Control Specialist,4
218,Yurik,Westcott,ywestcott61@posterous.com,(480) 9653496,(717) 9958288,848 Messerschmidt Place,Chandler,Arizona,85246,Kutch LLC,Junior Executive,4
219,Rafaela,Bromfield,rbromfield62@de.vu,(803) 1025333,(713) 4788888,7330 Schurz Lane,Columbia,South Carolina,29215,Huel-Lesch,Physical Therapy Assistant,4
220,Darrick,Fayer,dfayer63@state.tx.us,(713) 5297824,(215) 7756074,8043 Manitowish Center,Houston,Texas,77212,Ernser-Howe,Librarian,4
221,Randi,Cosens,rcosens64@facebook.com,(817) 7181815,(864) 1578713,5 Sunnyside Circle,Arlington,Texas,76011,Bartell LLC,Research Nurse,4
222,Kacy,Bulger,kbulger65@techcrunch.com,(727) 9114197,(770) 4583055,87560 Hayes Alley,Saint Petersburg,Florida,33742,Braun Group,Nuclear Power Engineer,4
223,Niels,McKeaveney,nmckeaveney66@nationalgeographic.com,(415) 9636913,(813) 3422424,6767 Dapin Junction,San Francisco,California,94142,Greenholt LLC,Software Engineer III,4
224,Veda,Kemet,vkemet67@examiner.com,(610) 2534122,(415) 7314853,5 Rockefeller Alley,Reading,Pennsylvania,19605,Schumm LLC,Dental Hygienist,4
225,Zondra,Filyakov,zfilyakov68@ebay.com,(941) 1195721,(754) 8221571,86 1st Crossing,Naples,Florida,34108,"Dibbert, Grant and Robel",Pharmacist,4
226,Gardener,Aysik,gaysik69@addtoany.com,(509) 5033622,(915) 6948284,6 Orin Junction,Yakima,Washington,98907,"Swaniawski, Halvorson and Hane",Legal Assistant,4
227,Timi,Geistbeck,tgeistbeck6a@nytimes.com,(626) 3819639,(559) 9421983,017 Crowley Way,Alhambra,California,91841,Stamm-Durgan,Payment Adjustment Coordinator,4
228,Cecilio,Zannuto,czannuto6b@japanpost.jp,(443) 1417574,(305) 1931976,81885 Pierstorff Drive,Baltimore,Maryland,21211,O'Hara LLC,Financial Advisor,4
229,Minni,Edwards,medwards6c@free.fr,(202) 1425256,(831) 5715182,4061 Oakridge Center,Washington,District of Columbia,20226,"Dietrich, Considine and Ankunding",Sales Associate,4
230,Pincas,Battaille,pbattaille6d@purevolume.com,(251) 5222636,(478) 4584682,1 High Crossing Hill,Mobile,Alabama,36610,Hayes-Shanahan,Financial Analyst,4
231,Phillipe,Cooley,pcooley6e@pbs.org,(619) 6857340,(559) 7245835,6 Nancy Drive,San Diego,California,92105,Rath-Lubowitz,Mechanical Systems Engineer,4
232,Corbin,Domeny,cdomeny6f@ebay.com,(210) 9544420,(210) 2764104,921 Commercial Park,San Antonio,Texas,78291,Larkin Group,Accounting Assistant IV,4
233,Den,Flattman,dflattman6g@apple.com,(402) 4789306,(203) 9096767,7537 Lerdahl Lane,Omaha,Nebraska,68164,Simonis LLC,Payment Adjustment Coordinator,4
234,Else,Casford,ecasford6h@google.com.br,(619) 7498390,(808) 2100394,26 Eagan Park,San Diego,California,92137,"Graham, Stokes and Hoeger",Geologist IV,4
235,Erl,Garrigan,egarrigan6i@ft.com,(313) 1150895,(702) 7072656,3703 Debs Point,Detroit,Michigan,48295,Murray Group,Senior Editor,4
236,Orelee,Kubista,okubista6j@hc360.com,(812) 6159722,(989) 4278923,806 West Way,Evansville,Indiana,47747,"Predovic, Becker and Marvin",Safety Technician IV,4
237,Lorry,Eggins,leggins6k@ihg.com,(757) 6517004,(518) 9381234,762 Lillian Lane,Portsmouth,Virginia,23705,"Konopelski, Douglas and Jenkins",Clinical Specialist,4
238,Simmonds,Eagger,seagger6l@reverbnation.com,(850) 1773905,(214) 1376079,02764 Acker Drive,Tallahassee,Florida,32399,"Powlowski, Connelly and Robel",Safety Technician II,4
239,Allsun,Tallman,atallman6m@weather.com,(310) 4451990,(605) 2803059,12116 Cascade Point,Inglewood,California,90398,Jacobi-Shields,Analog Circuit Design manager,4
240,Sal,Broxholme,sbroxholme6n@phpbb.com,(501) 6447239,(713) 3958190,4696 Merry Junction,Hot Springs National Park,Arkansas,71914,Spinka-Purdy,Graphic Designer,4
241,Anestassia,Champkins,achampkins6o@rakuten.co.jp,(765) 3910872,(727) 3288166,3030 Mesta Alley,Indianapolis,Indiana,46202,"O'Kon, Shanahan and Corkery",Executive Secretary,4
242,Meryl,Megahey,mmegahey6p@e-recht24.de,(765) 9790793,(918) 7541883,88 Sommers Circle,Anderson,Indiana,46015,"Bednar, Jacobson and Mayert",Senior Cost Accountant,4
243,Ernestine,Cattle,ecattle6q@berkeley.edu,(202) 6409195,(651) 8253247,0 Acker Center,Washington,District of Columbia,20220,Carter-Cruickshank,Social Worker,4
244,Elsinore,Segrave,esegrave6r@furl.net,(202) 3482026,(305) 3251129,6260 Evergreen Avenue,Washington,District of Columbia,20557,Heller-Marks,Desktop Support Technician,4
245,King,Spurdle,kspurdle6s@weather.com,(918) 2603649,(202) 6704848,2808 Upham Street,Tulsa,Oklahoma,74126,Jast Inc,Systems Administrator II,4
246,Tabbitha,Carlo,tcarlo6t@t-online.de,(419) 6056498,(919) 5841453,8 Ryan Point,Toledo,Ohio,43656,Hoppe-Hartmann,Quality Engineer,4
247,Noella,Mardall,nmardall6u@dot.gov,(478) 4431442,(205) 7371652,4770 Heffernan Road,Macon,Georgia,31296,"Wintheiser, Koepp and McClure",Senior Editor,4
248,Remus,Ambroz,rambroz6v@chicagotribune.com,(915) 7467870,(702) 3919700,53884 Straubel Alley,El Paso,Texas,79994,"Koepp, Cartwright and Torp",Occupational Therapist,4
249,Celka,Dorre,cdorre6w@meetup.com,(303) 8061575,(410) 6891097,42233 Dryden Parkway,Denver,Colorado,80291,Bahringer Inc,Recruiting Manager,4
250,Norry,Larderot,nlarderot6x@cisco.com,(915) 2682988,(202) 3517072,102 Algoma Lane,El Paso,Texas,88584,Ullrich-Prohaska,Senior Developer,4
251,Onfroi,Kollas,okollas6y@ovh.net,(323) 9845633,(304) 4139703,0 Dorton Drive,North Hollywood,California,91606,Emard and Sons,Physical Therapy Assistant,4
252,Onida,Clemence,oclemence6z@slate.com,(520) 8783635,(501) 9067939,7 Canary Pass,Tucson,Arizona,85720,Runolfsson Group,Senior Developer,4
253,Sosanna,Kuhne,skuhne70@gravatar.com,(915) 9635946,(402) 1150514,24319 Loftsgordon Trail,El Paso,Texas,79994,Collins LLC,Dental Hygienist,4
254,Virginia,Daintree,vdaintree71@army.mil,(202) 7789936,(561) 5320186,8 Village Green Parkway,Washington,District of Columbia,20036,Kozey Group,Payment Adjustment Coordinator,4
255,Tracy,Averies,taveries72@whitehouse.gov,(920) 5344644,(817) 5597176,00722 Elka Parkway,Appleton,Wisconsin,54915,Runte Inc,Financial Advisor,4
256,Sabra,Rafe,srafe73@google.ca,(212) 2220858,(812) 1687988,55459 Mitchell Road,New York City,New York,10150,"Halvorson, Bins and Kemmer",Nurse Practicioner,4
257,Elsi,Coniff,econiff74@aol.com,(860) 5407507,(508) 3416803,47 Meadow Valley Way,Hartford,Connecticut,6183,"Reinger, Herzog and Hintz",Sales Associate,4
258,Finn,O'Lennane,folennane75@mail.ru,(405) 2645209,(971) 3397919,0620 Little Fleur Trail,Oklahoma City,Oklahoma,73119,Swaniawski-Johnson,Paralegal,4
259,Baxy,Thornewill,bthornewill76@paginegialle.it,(805) 5121543,(202) 8808800,151 Crowley Drive,Bakersfield,California,93311,Hahn-Schumm,Librarian,4
260,Frederik,Haggarth,fhaggarth77@si.edu,(918) 2366042,(571) 4503241,0 Pond Point,Tulsa,Oklahoma,74141,Moore-Douglas,Human Resources Manager,4
261,Aland,Smallthwaite,asmallthwaite78@bravesites.com,(571) 9963998,(703) 2876105,0 Glendale Alley,Alexandria,Virginia,22313,Kulas LLC,Junior Executive,4
262,Josh,Billanie,jbillanie79@so-net.ne.jp,(808) 2514211,(719) 8946071,60399 Sugar Road,Honolulu,Hawaii,96810,Lebsack-Bailey,Environmental Specialist,4
263,Ronna,Spino,rspino7a@auda.org.au,(253) 5018598,(801) 2946266,0475 Delaware Hill,Tacoma,Washington,98405,Kihn Inc,Structural Engineer,4
264,Jamesy,Najera,jnajera7b@reference.com,(646) 9168701,(413) 4868694,4089 Weeping Birch Drive,New York City,New York,10155,"Haley, Considine and Zulauf",Professor,4
265,Flory,Axston,faxston7c@gnu.org,(361) 3945276,(704) 2564620,00247 Saint Paul Point,Corpus Christi,Texas,78415,"Huels, Hilll and Baumbach",Software Test Engineer IV,4
266,Arabel,Kubek,akubek7d@webmd.com,(814) 2166666,(937) 6227080,57024 Debs Drive,Erie,Pennsylvania,16534,Keeling-Dach,Computer Systems Analyst II,4
267,Tarrance,Zoppo,tzoppo7e@shinystat.com,(719) 9838752,(915) 1658216,90 Mariners Cove Street,Colorado Springs,Colorado,80995,"Reynolds, Rutherford and Lynch",Budget/Accounting Analyst IV,4
268,Nicki,Chesser,nchesser7f@dailymail.co.uk,(520) 8290027,(940) 7825493,2416 Eagan Hill,Tucson,Arizona,85725,Thompson-Auer,Actuary,4
269,Marna,Rustadge,mrustadge7g@gravatar.com,(352) 7241871,(515) 6842251,8216 Summer Ridge Court,Ocala,Florida,34479,Gusikowski LLC,Recruiter,4
270,Matilde,Duckinfield,mduckinfield7h@php.net,(612) 8328999,(718) 9756302,05 Shasta Drive,Minneapolis,Minnesota,55436,Hyatt-Conn,Office Assistant IV,4
271,Colin,Dunleavy,cdunleavy7i@godaddy.com,(240) 7046031,(916) 1168700,3 Elmside Plaza,Silver Spring,Maryland,20910,Hettinger-Fritsch,Research Assistant IV,4
272,Ellwood,Kemmet,ekemmet7j@bing.com,(513) 1259740,(806) 3155289,39 Clyde Gallagher Alley,Cincinnati,Ohio,45208,Rowe-Jaskolski,Sales Representative,4
273,Willetta,Wooding,wwooding7k@over-blog.com,(309) 2384831,(714) 3510561,08483 Hintze Terrace,Carol Stream,Illinois,60158,"Donnelly, Dooley and West",Geological Engineer,4
274,Reginauld,Rafferty,rrafferty7l@trellian.com,(509) 8549299,(724) 7467715,60482 Lerdahl Plaza,Spokane,Washington,99220,Klocko Inc,Help Desk Operator,4
275,Dorice,Eliff,deliff7m@biglobe.ne.jp,(571) 7118674,(215) 3786340,7938 Grayhawk Park,Arlington,Virginia,22217,Hermiston Group,Staff Scientist,4
276,Polly,Walsham,pwalsham7n@privacy.gov.au,(718) 8060945,(907) 5592407,786 Mitchell Pass,Jamaica,New York,11447,Maggio-Kuhic,Administrative Assistant I,4
277,Adena,Collier,acollier7o@psu.edu,(205) 5694981,(941) 5481372,7 Ronald Regan Center,Tuscaloosa,Alabama,35487,Murray-Champlin,Social Worker,4
278,Drona,Codner,dcodner7p@google.it,(267) 1069947,(225) 3044935,6 Corben Point,Levittown,Pennsylvania,19058,"Lockman, Sporer and Cartwright",Pharmacist,4
279,Raye,Lynch,rlynch7q@irs.gov,(516) 4373299,(262) 4434572,6542 Mcbride Lane,Great Neck,New York,11024,Carter Group,Operator,4
280,Sharyl,Melesk,smelesk7r@yellowpages.com,(610) 5808707,(719) 1809077,2 Mariners Cove Terrace,Allentown,Pennsylvania,18105,"Hickle, Christiansen and Lueilwitz",Compensation Analyst,4
281,Kristen,Hryniewicz,khryniewicz7s@webs.com,(805) 6408061,(936) 6206423,95 Annamark Alley,Ventura,California,93005,Kulas-Schmitt,Internal Auditor,4
282,Stoddard,Conwell,sconwell7t@weather.com,(404) 6217535,(410) 9342600,01289 Lakewood Junction,Atlanta,Georgia,30316,Lesch LLC,Safety Technician I,4
283,Elisabeth,Chiene,echiene7u@amazonaws.com,(585) 4656920,(303) 1509714,2 David Parkway,Rochester,New York,14619,Brakus Group,Web Developer I,4
284,Cassandry,Ewers,cewers7v@digg.com,(661) 1836442,(601) 3990547,490 Southridge Hill,Bakersfield,California,93381,"Aufderhar, Moen and Thompson",Senior Editor,4
285,Bogart,MacElholm,bmacelholm7w@microsoft.com,(704) 8639576,(208) 4590827,318 Northview Hill,Charlotte,North Carolina,28210,Osinski Group,Help Desk Operator,4
286,Siegfried,Skea,sskea7x@gizmodo.com,(907) 2317179,(863) 8837430,76 Evergreen Place,Anchorage,Alaska,99522,"Konopelski, Stokes and Schimmel",Assistant Manager,4
287,Torey,Dreakin,tdreakin7y@bandcamp.com,(405) 8731446,(605) 5809338,8175 Rutledge Junction,Oklahoma City,Oklahoma,73190,Denesik-Greenholt,Quality Engineer,4
288,Paxton,Braywood,pbraywood7z@nationalgeographic.com,(513) 6694709,(949) 2246507,4 Kennedy Hill,Cincinnati,Ohio,45238,Waters-Renner,Internal Auditor,4
289,Midge,McGinnell,mmcginnell80@un.org,(801) 1117628,(937) 7716047,6 Oxford Lane,Sandy,Utah,84093,Wisoky Group,Editor,4
290,Gerri,Curphey,gcurphey81@samsung.com,(928) 6930174,(559) 3490614,6 Union Point,Mesa,Arizona,85210,Schmidt Inc,Help Desk Technician,4
291,Gabbey,Ferrers,gferrers82@digg.com,(615) 8137251,(406) 6341298,618 Fuller Drive,Nashville,Tennessee,37220,Corwin Inc,Registered Nurse,4
292,Shae,Southerton,ssoutherton83@omniture.com,(646) 2098208,(903) 6605610,750 Hansons Terrace,New York City,New York,10099,"Turner, Harber and Dickens",Occupational Therapist,4
293,Kissie,Farrear,kfarrear84@foxnews.com,(254) 5501718,(763) 2151054,56 Russell Plaza,Waco,Texas,76796,Spencer and Sons,Accounting Assistant III,4
294,Marcelle,Walwood,mwalwood85@wunderground.com,(202) 3388879,(814) 9556888,19 Warner Circle,Washington,District of Columbia,20078,Miller-Kautzer,Payment Adjustment Coordinator,4
295,Noellyn,McEachern,nmceachern86@example.com,(206) 6715898,(404) 5132798,137 6th Center,Seattle,Washington,98127,"Nader, Schneider and Goodwin",Design Engineer,4
296,Darius,Fosten,dfosten87@cpanel.net,(215) 4224612,(402) 5676796,0 Kropf Park,Philadelphia,Pennsylvania,19131,Franecki-Spinka,Nuclear Power Engineer,4
297,Mei,Dran,mdran88@photobucket.com,(260) 7598998,(954) 1233373,05 Schlimgen Place,Fort Wayne,Indiana,46896,Stanton-Homenick,Safety Technician II,4
298,Corinne,Baselli,cbaselli89@netlog.com,(717) 5848422,(813) 4319529,182 Scofield Lane,Harrisburg,Pennsylvania,17110,"Grimes, Lockman and Price",Account Executive,4
299,Bibi,Shoveller,bshoveller8a@list-manage.com,(214) 5699135,(323) 5061203,99 Farwell Crossing,Dallas,Texas,75392,"Murazik, Abshire and Predovic",Civil Engineer,4
300,Harman,Haw,hhaw8b@gizmodo.com,(816) 3907371,(414) 2041148,1362 Crescent Oaks Pass,Kansas City,Missouri,64153,Mante and Sons,Paralegal,4
