1,Monte,Pettinger,Safety Technician IV,90,,,439-858-1207,mpettinger0@princeton.edu,4612 Hoepker Point,Daduo,28,,"In hac habitasse platea dictumst. Morbi vestibulum, velit id pretium iaculis, diam erat fermentum justo, nec condimentum neque sapien placerat ante. Nulla justo.

Aliquam quis turpis eget elit sodales scelerisque. Mauris sit amet eros. Suspendisse accumsan tortor quis turpis.",93993,2021-03-16 14:25:31
2,Billy,Seydlitz,Operator,30,,,951-586-0624,bseydlitz1@feedburner.com,4608 Sugar Crossing,Jiaojie,24,,"Vestibulum ac est lacinia nisi venenatis tristique. Fusce congue, diam id ornare imperdiet, sapien urna pretium nisl, ut volutpat sapien arcu sed augue. Aliquam erat volutpat.",72190,2021-10-17 14:28:50
3,Cristy,Counsell,Design Engineer,55,,,744-578-0688,ccounsell2@example.com,7 Ohio Junction,Enhtal,22,,"Cras mi pede, malesuada in, imperdiet et, commodo vulputate, justo. In blandit ultrices enim. Lorem ipsum dolor sit amet, consectetuer adipiscing elit.

Proin interdum mauris non ligula pellentesque ultrices. Phasellus id sapien in sapien iaculis congue. Vivamus metus arcu, adipiscing molestie, hendrerit at, vulputate vitae, nisl.",36608,2021-12-04 05:50:45
4,Marianne,Guillou,Engineer IV,60,,,807-884-5933,mguillou3@hubpages.com,368 Barby Terrace,Dembéni,33,,Phasellus in felis. Donec semper sapien a libero. Nam dui.,87026,2021-12-13 13:44:45
5,Morissa,Seys,Account Representative III,52,,,226-925-5834,mseys4@cnn.com,00 Johnson Place,Cajati,2,11950-000,"Sed sagittis. Nam congue, risus semper porta volutpat, quam pede lobortis ligula, sit amet eleifend pede libero quis orci. Nullam molestie nibh in lectus.

Pellentesque at nulla. Suspendisse potenti. Cras in purus eu magna vulputate luctus.",93424,2021-11-27 01:36:54
6,Sky,Lorimer,General Manager,8,,,562-189-9342,slorimer5@icio.us,78 Raven Terrace,Zhuozishan,7,,"Integer ac leo. Pellentesque ultrices mattis odio. Donec vitae nisi.

Nam ultrices, libero non mattis pulvinar, nulla pede ullamcorper augue, a suscipit nulla elit ac nulla. Sed vel enim sit amet nunc viverra dapibus. Nulla suscipit ligula in lacus.",89218,2021-07-12 20:34:42
7,Armando,Kraft,Account Coordinator,29,,,636-407-6318,akraft6@mac.com,874 Tennyson Pass,Łazy,27,76-002,"Maecenas leo odio, condimentum id, luctus nec, molestie sed, justo. Pellentesque viverra pede ac diam. Cras pellentesque volutpat dui.

Maecenas tristique, est et tempus semper, est quam pharetra magna, ac consequat metus sapien ut nunc. Vestibulum ante ipsum primis in faucibus orci luctus et ultrices posuere cubilia Curae; Mauris viverra diam vitae quam. Suspendisse potenti.",25356,2021-10-08 10:04:59
8,Lina,Groucock,Physical Therapy Assistant,4,,,291-196-8676,lgroucock7@cbc.ca,44 Trailsway Crossing,Qiaotou,5,,"Morbi porttitor lorem id ligula. Suspendisse ornare consequat lectus. In est risus, auctor sed, tristique in, tempus sit amet, sem.

Fusce consequat. Nulla nisl. Nunc nisl.",94998,2021-02-27 08:07:14
9,Farleigh,Clothier,Staff Scientist,61,,,156-362-6378,fclothier8@google.com,6227 Westend Pass,Bitaogan,33,4125,Phasellus in felis. Donec semper sapien a libero. Nam dui.,91224,2021-10-26 13:36:48
10,Beverly,Stuckey,Media Manager II,77,,,552-648-1823,bstuckey9@youtu.be,17784 Manley Lane,São Brás de Alportel,30,8150-105,"Duis bibendum, felis sed interdum venenatis, turpis enim blandit mi, in porttitor pede justo eu massa. Donec dapibus. Duis at velit eu est congue elementum.",47772,2021-07-04 05:28:49
11,Drake,Mahody,Business Systems Development Analyst,14,,,760-919-0396,dmahodya@ucoz.ru,5 Oneill Road,Carlsbad,9,92013,"In hac habitasse platea dictumst. Morbi vestibulum, velit id pretium iaculis, diam erat fermentum justo, nec condimentum neque sapien placerat ante. Nulla justo.",25591,2021-06-18 04:58:09
12,Tessy,Hebborne,Quality Control Specialist,52,,,545-163-8439,thebborneb@cafepress.com,15040 Old Gate Center,Korolevo,3,,"Curabitur gravida nisi at nibh. In hac habitasse platea dictumst. Aliquam augue quam, sollicitudin vitae, consectetuer eget, rutrum at, lorem.

Integer tincidunt ante vel ipsum. Praesent blandit lacinia erat. Vestibulum sed magna at nunc commodo placerat.",80207,2021-06-16 06:23:48
13,Arly,Asp,Staff Accountant II,70,,,427-234-7215,aaspc@purevolume.com,815 Clyde Gallagher Road,Comandante Luis Piedra Buena,29,9303,"Praesent blandit. Nam nulla. Integer pede justo, lacinia eget, tincidunt eget, tempus vel, pede.",81839,2021-03-14 01:50:13
14,Erasmus,Frenzl,Account Coordinator,60,,,765-549-2476,efrenzld@shop-pro.jp,1061 Butternut Circle,Çobansığnaq,22,,Maecenas ut massa quis augue luctus tincidunt. Nulla mollis molestie lorem. Quisque ut erat.,75319,2021-11-12 18:17:13
15,Aurea,Schirok,Computer Systems Analyst IV,49,,,870-651-1590,aschiroke@cisco.com,38039 Arkansas Road,Datun,30,,"Aenean lectus. Pellentesque eget nunc. Donec quis orci eget orci vehicula condimentum.

Curabitur in libero ut massa volutpat convallis. Morbi odio odio, elementum eu, interdum eu, tincidunt in, leo. Maecenas pulvinar lobortis est.",88193,2021-04-17 11:39:07
16,Levon,Casina,Paralegal,23,,,720-441-4998,lcasinaf@comcast.net,33 Carpenter Street,Ulundi,9,3838,"Lorem ipsum dolor sit amet, consectetuer adipiscing elit. Proin risus. Praesent lectus.",43728,2021-03-06 15:28:49
17,Karlen,Sturridge,Financial Analyst,48,,,410-853-9561,ksturridgeg@google.co.uk,19 Pleasure Alley,Pereiras,15,4620-073,"Lorem ipsum dolor sit amet, consectetuer adipiscing elit. Proin risus. Praesent lectus.",31558,2021-02-01 13:31:18
18,Callean,Cushe,Dental Hygienist,61,,,290-288-3451,ccusheh@etsy.com,9 Troy Plaza,Severobaykal’sk,23,453679,"Curabitur in libero ut massa volutpat convallis. Morbi odio odio, elementum eu, interdum eu, tincidunt in, leo. Maecenas pulvinar lobortis est.

Phasellus sit amet erat. Nulla tempus. Vivamus in felis eu sapien cursus vestibulum.",53878,2021-04-02 04:39:20
19,Chad,Haylands,Sales Representative,18,,,355-768-3999,chaylandsi@lulu.com,00 Knutson Lane,Alkmaar,26,1814,"Maecenas leo odio, condimentum id, luctus nec, molestie sed, justo. Pellentesque viverra pede ac diam. Cras pellentesque volutpat dui.",69059,2021-07-17 10:48:21
20,Hyacinth,Lochet,Chemical Engineer,4,,,456-371-2093,hlochetj@wordpress.com,580 Merrick Drive,Sumuran,33,,"Donec diam neque, vestibulum eget, vulputate ut, ultrices vel, augue. Vestibulum ante ipsum primis in faucibus orci luctus et ultrices posuere cubilia Curae; Donec pharetra, magna vestibulum aliquet ultrices, erat tortor sollicitudin mi, sit amet lobortis sapien sapien non mi. Integer ac neque.",59250,2021-03-29 00:25:59
21,Everett,Androli,Project Manager,45,,,454-147-7650,eandrolik@hao123.com,324 Knutson Court,Dehui,1,,Duis bibendum. Morbi non quam nec dui luctus rutrum. Nulla tellus.,48435,2021-04-14 03:36:46
22,Caz,Florio,Automation Specialist II,88,,,201-352-0914,cfloriol@sourceforge.net,1693 Bowman Pass,El Calafate,10,9201,"Curabitur in libero ut massa volutpat convallis. Morbi odio odio, elementum eu, interdum eu, tincidunt in, leo. Maecenas pulvinar lobortis est.

Phasellus sit amet erat. Nulla tempus. Vivamus in felis eu sapien cursus vestibulum.",70122,2021-06-10 16:58:11
23,Collin,Littlemore,Environmental Tech,28,,,956-422-7561,clittlemorem@webeden.co.uk,826 Merry Pass,Sinjār,28,,Nullam porttitor lacus at turpis. Donec posuere metus vitae ipsum. Aliquam non mauris.,70370,2021-10-10 04:13:49
24,Minne,Wilkins,Social Worker,23,,,403-826-1611,mwilkinsn@army.mil,5 Summerview Way,Dukou,19,,Fusce consequat. Nulla nisl. Nunc nisl.,93215,2021-01-19 13:04:26
25,Nicky,Qusklay,Biostatistician III,100,,,352-194-6454,nqusklayo@vinaora.com,96 Stang Drive,Kalapagenep,9,,"Donec diam neque, vestibulum eget, vulputate ut, ultrices vel, augue. Vestibulum ante ipsum primis in faucibus orci luctus et ultrices posuere cubilia Curae; Donec pharetra, magna vestibulum aliquet ultrices, erat tortor sollicitudin mi, sit amet lobortis sapien sapien non mi. Integer ac neque.",86250,2021-10-24 05:55:23
26,Delbert,Strase,Computer Systems Analyst IV,91,,,162-398-8512,dstrasep@trellian.com,7 Basil Parkway,Kambing,25,4430,"Curabitur in libero ut massa volutpat convallis. Morbi odio odio, elementum eu, interdum eu, tincidunt in, leo. Maecenas pulvinar lobortis est.",48053,2021-10-05 16:28:25
27,Caresse,Heggie,Structural Engineer,21,,,306-761-3406,cheggieq@domainmarket.com,4 Elgar Avenue,Lamego,4,5100-005,Cras non velit nec nisi vulputate nonummy. Maecenas tincidunt lacus at velit. Vivamus vel nulla eget eros elementum pellentesque.,90600,2021-04-16 15:01:48
28,Lilias,Epperson,Programmer IV,43,,,896-463-9181,leppersonr@paginegialle.it,267 Redwing Court,Lusacan,30,4325,Phasellus in felis. Donec semper sapien a libero. Nam dui.,79502,2021-04-15 14:45:00
29,Guillermo,Sillito,Sales Associate,86,,,534-674-5495,gsillitos@latimes.com,3417 Goodland Lane,Mainque,12,8326,"In sagittis dui vel nisl. Duis ac nibh. Fusce lacus purus, aliquet at, feugiat non, pretium quis, lectus.

Suspendisse potenti. In eleifend quam a odio. In hac habitasse platea dictumst.",44321,2021-01-21 20:44:56
30,Reuven,Ginley,Legal Assistant,86,,,265-276-9409,rginleyt@buzzfeed.com,4567 Washington Plaza,Nikolayevskaya,10,347272,"Nam ultrices, libero non mattis pulvinar, nulla pede ullamcorper augue, a suscipit nulla elit ac nulla. Sed vel enim sit amet nunc viverra dapibus. Nulla suscipit ligula in lacus.",35378,2021-06-30 02:26:24
31,Desiree,Baggaley,General Manager,78,,,935-682-1321,dbaggaleyu@bloglovin.com,35211 Rusk Circle,Anto,21,,"In hac habitasse platea dictumst. Etiam faucibus cursus urna. Ut tellus.

Nulla ut erat id mauris vulputate elementum. Nullam varius. Nulla facilisi.",93412,2021-05-28 00:30:00
32,Hamid,Janway,Design Engineer,72,,,271-376-0195,hjanwayv@nbcnews.com,972 Sloan Road,Zbąszynek,4,66-210,"Suspendisse potenti. In eleifend quam a odio. In hac habitasse platea dictumst.

Maecenas ut massa quis augue luctus tincidunt. Nulla mollis molestie lorem. Quisque ut erat.",63767,2021-03-09 04:59:18
33,Tadeas,Lumsdall,Marketing Manager,85,,,465-307-9224,tlumsdallw@scientificamerican.com,85 2nd Street,Xiluodu,8,,"Quisque porta volutpat erat. Quisque erat eros, viverra eget, congue eget, semper rutrum, nulla. Nunc purus.

Phasellus in felis. Donec semper sapien a libero. Nam dui.",90433,2021-09-11 01:29:31
34,Alexia,Drinkel,Speech Pathologist,32,,,309-274-1499,adrinkelx@gnu.org,640 Marquette Lane,Skarżysko-Kamienna,15,26-113,"Morbi porttitor lorem id ligula. Suspendisse ornare consequat lectus. In est risus, auctor sed, tristique in, tempus sit amet, sem.",84589,2021-02-17 04:59:26
35,Johnny,Posthill,Administrative Officer,4,,,822-345-3442,jposthilly@ox.ac.uk,9 Fulton Junction,Parista,29,3122,"Etiam vel augue. Vestibulum rutrum rutrum neque. Aenean auctor gravida sem.

Praesent id massa id nisl venenatis lacinia. Aenean sit amet justo. Morbi ut odio.",29298,2021-07-04 18:11:24
36,Uta,Brittles,Teacher,12,,,165-160-9672,ubrittlesz@wired.com,92600 Park Meadow Way,Mezhevoy,7,456926,"Etiam vel augue. Vestibulum rutrum rutrum neque. Aenean auctor gravida sem.

Praesent id massa id nisl venenatis lacinia. Aenean sit amet justo. Morbi ut odio.",60983,2021-01-24 19:18:58
37,Monro,Waren,Junior Executive,62,,,103-380-2182,mwaren10@google.fr,2 Lakewood Gardens Lane,Pangkalan,34,,"Cras mi pede, malesuada in, imperdiet et, commodo vulputate, justo. In blandit ultrices enim. Lorem ipsum dolor sit amet, consectetuer adipiscing elit.

Proin interdum mauris non ligula pellentesque ultrices. Phasellus id sapien in sapien iaculis congue. Vivamus metus arcu, adipiscing molestie, hendrerit at, vulputate vitae, nisl.",45121,2021-05-10 21:15:39
38,Bonni,Smylie,Health Coach II,18,,,500-246-2806,bsmylie11@about.me,5 Dexter Pass,Liqi,33,,"Maecenas tristique, est et tempus semper, est quam pharetra magna, ac consequat metus sapien ut nunc. Vestibulum ante ipsum primis in faucibus orci luctus et ultrices posuere cubilia Curae; Mauris viverra diam vitae quam. Suspendisse potenti.",66129,2021-06-01 22:47:09
39,Sandye,Ayshford,Clinical Specialist,54,,,259-902-3716,sayshford12@over-blog.com,90 Center Alley,Oeoh,25,,"In congue. Etiam justo. Etiam pretium iaculis justo.

In hac habitasse platea dictumst. Etiam faucibus cursus urna. Ut tellus.",33695,2021-09-06 23:41:26
40,Haley,L'Archer,Health Coach III,17,,,144-754-8361,hlarcher13@hexun.com,976 Gerald Point,Tongqiao,33,,"Lorem ipsum dolor sit amet, consectetuer adipiscing elit. Proin risus. Praesent lectus.",32399,2021-10-10 08:37:06
41,Joyan,Tschirschky,Accounting Assistant IV,79,,,615-617-6151,jtschirschky14@amazon.de,22457 Kim Parkway,Paris 03,13,75139 CEDEX 03,Duis consequat dui nec nisi volutpat eleifend. Donec ut dolor. Morbi vel lectus in quam fringilla rhoncus.,97204,2021-11-30 15:36:41
42,Yank,Waddy,Administrative Officer,2,,,765-415-4110,ywaddy15@privacy.gov.au,30 Thompson Park,Vitim,30,385444,Nullam sit amet turpis elementum ligula vehicula consequat. Morbi a ipsum. Integer a nibh.,73012,2021-04-21 14:33:20
43,Tracee,Brigham,Associate Professor,33,,,824-940-8286,tbrigham16@t.co,564 Erie Center,Damascus,23,,"Maecenas ut massa quis augue luctus tincidunt. Nulla mollis molestie lorem. Quisque ut erat.

Curabitur gravida nisi at nibh. In hac habitasse platea dictumst. Aliquam augue quam, sollicitudin vitae, consectetuer eget, rutrum at, lorem.",45604,2021-11-28 21:13:51
44,Gerhardine,Chotty,Geological Engineer,32,,,455-985-8025,gchotty17@unc.edu,0 Pawling Plaza,Las Minas,21,,"Curabitur in libero ut massa volutpat convallis. Morbi odio odio, elementum eu, interdum eu, tincidunt in, leo. Maecenas pulvinar lobortis est.

Phasellus sit amet erat. Nulla tempus. Vivamus in felis eu sapien cursus vestibulum.",75515,2021-08-03 00:55:39
45,Bethina,Townby,Design Engineer,87,,,405-758-9230,btownby18@behance.net,3 Springs Pass,Oklahoma City,10,73135,Duis aliquam convallis nunc. Proin at turpis a pede posuere nonummy. Integer non velit.,80073,2021-09-24 22:52:50
46,Rubie,Dalglish,Compensation Analyst,81,,,124-206-3917,rdalglish19@china.com.cn,1324 Petterle Trail,Yushugou,18,,"Praesent blandit. Nam nulla. Integer pede justo, lacinia eget, tincidunt eget, tempus vel, pede.

Morbi porttitor lorem id ligula. Suspendisse ornare consequat lectus. In est risus, auctor sed, tristique in, tempus sit amet, sem.",38898,2021-04-29 09:31:08
47,Toni,Hayto,Mechanical Systems Engineer,85,,,663-866-5545,thayto1a@phoca.cz,135 Huxley Court,Kacangan Lor,20,,Sed ante. Vivamus tortor. Duis mattis egestas metus.,98413,2021-08-30 15:33:43
48,Jonell,Jzak,General Manager,37,,,273-134-7230,jjzak1b@opensource.org,44 Chinook Parkway,Michurinskoye,11,188753,"In sagittis dui vel nisl. Duis ac nibh. Fusce lacus purus, aliquet at, feugiat non, pretium quis, lectus.

Suspendisse potenti. In eleifend quam a odio. In hac habitasse platea dictumst.",79494,2021-09-10 13:17:59
49,Cory,Tomsa,VP Product Management,49,,,395-271-6769,ctomsa1c@slideshare.net,9 Milwaukee Road,Mansôa,13,,"Maecenas tristique, est et tempus semper, est quam pharetra magna, ac consequat metus sapien ut nunc. Vestibulum ante ipsum primis in faucibus orci luctus et ultrices posuere cubilia Curae; Mauris viverra diam vitae quam. Suspendisse potenti.",77413,2021-06-03 17:53:23
50,Christal,Bruni,Clinical Specialist,88,,,808-986-9051,cbruni1d@meetup.com,2736 Schiller Crossing,Honolulu,35,96825,"Proin interdum mauris non ligula pellentesque ultrices. Phasellus id sapien in sapien iaculis congue. Vivamus metus arcu, adipiscing molestie, hendrerit at, vulputate vitae, nisl.",43217,2021-01-16 01:03:48
51,Janek,Dew,Legal Assistant,59,,,811-291-8079,jdew1e@ox.ac.uk,31 Magdeline Way,Yuewan,22,,Duis aliquam convallis nunc. Proin at turpis a pede posuere nonummy. Integer non velit.,34365,2021-04-23 14:39:40
52,Averill,Deveril,Senior Developer,46,,,442-493-2147,adeveril1f@moonfruit.com,460 Kings Circle,Fontainhas,14,2435-553,"Proin leo odio, porttitor id, consequat in, consequat ut, nulla. Sed accumsan felis. Ut at dolor quis odio consequat varius.",93719,2020-12-16 17:55:52
53,Krissie,Causbey,Marketing Manager,47,,,249-317-7443,kcausbey1g@accuweather.com,1 Logan Junction,Mathambgwane,27,,"In hac habitasse platea dictumst. Morbi vestibulum, velit id pretium iaculis, diam erat fermentum justo, nec condimentum neque sapien placerat ante. Nulla justo.",31339,2021-11-20 05:28:53
54,Elsbeth,Perott,Registered Nurse,66,,,962-214-7847,eperott1h@nasa.gov,4428 Clyde Gallagher Circle,Cunha,19,12530-000,Pellentesque at nulla. Suspendisse potenti. Cras in purus eu magna vulputate luctus.,93750,2020-12-31 23:37:14
55,Katina,Pydcock,Mechanical Systems Engineer,75,,,202-729-7566,kpydcock1i@dropbox.com,49 Graceland Circle,Orekhovo-Zuyevo,32,142609,"Aenean fermentum. Donec ut mauris eget massa tempor convallis. Nulla neque libero, convallis eget, eleifend luctus, ultricies eu, nibh.",34585,2021-07-01 04:09:48
56,Burk,Kleint,Mechanical Systems Engineer,30,,,642-672-0829,bkleint1j@fema.gov,53 Comanche Alley,Qingshan,14,,Duis aliquam convallis nunc. Proin at turpis a pede posuere nonummy. Integer non velit.,83737,2021-06-04 13:28:42
57,Kippie,Sergant,Data Coordiator,74,,,888-545-5003,ksergant1k@mozilla.com,87738 Utah Place,Muramvya,32,,"Praesent blandit. Nam nulla. Integer pede justo, lacinia eget, tincidunt eget, tempus vel, pede.",86192,2021-05-03 09:47:22
58,Aleda,Brockhurst,Pharmacist,6,,,144-357-0836,abrockhurst1l@ehow.com,87 Gulseth Court,Swift Current,28,S9H,"Curabitur gravida nisi at nibh. In hac habitasse platea dictumst. Aliquam augue quam, sollicitudin vitae, consectetuer eget, rutrum at, lorem.

Integer tincidunt ante vel ipsum. Praesent blandit lacinia erat. Vestibulum sed magna at nunc commodo placerat.",73979,2021-03-03 07:47:51
59,Talya,Jewett,Senior Cost Accountant,62,,,281-192-9318,tjewett1m@bloomberg.com,638 Lyons Street,Houston,35,77075,Pellentesque at nulla. Suspendisse potenti. Cras in purus eu magna vulputate luctus.,45227,2020-12-16 12:28:15
60,Deonne,Landis,Assistant Manager,14,,,889-831-1027,dlandis1n@rambler.ru,836 Rigney Park,Chengjiao Chengguanzhen,14,,"Suspendisse potenti. In eleifend quam a odio. In hac habitasse platea dictumst.

Maecenas ut massa quis augue luctus tincidunt. Nulla mollis molestie lorem. Quisque ut erat.",67931,2021-03-22 13:15:17
61,Madelyn,Roulston,Budget/Accounting Analyst II,95,,,239-334-1394,mroulston1o@icq.com,2 Dwight Trail,Borovichi,20,174420,Phasellus in felis. Donec semper sapien a libero. Nam dui.,95295,2021-11-27 21:56:43
62,Claribel,Trewman,Budget/Accounting Analyst I,88,,,410-913-1960,ctrewman1p@blogger.com,21555 West Parkway,Banjar Jagasatru,23,,Pellentesque at nulla. Suspendisse potenti. Cras in purus eu magna vulputate luctus.,77638,2021-03-17 08:27:56
63,Carney,Proud,Cost Accountant,4,,,663-810-0172,cproud1q@utexas.edu,3388 Cascade Alley,Ambalavao,3,,"Cras mi pede, malesuada in, imperdiet et, commodo vulputate, justo. In blandit ultrices enim. Lorem ipsum dolor sit amet, consectetuer adipiscing elit.

Proin interdum mauris non ligula pellentesque ultrices. Phasellus id sapien in sapien iaculis congue. Vivamus metus arcu, adipiscing molestie, hendrerit at, vulputate vitae, nisl.",53202,2021-07-11 23:29:54
64,Mallorie,Paroni,Administrative Officer,84,,,669-103-9616,mparoni1r@google.com,93 Mandrake Trail,Sidrolândia,22,79170-000,"Maecenas leo odio, condimentum id, luctus nec, molestie sed, justo. Pellentesque viverra pede ac diam. Cras pellentesque volutpat dui.",33642,2021-04-11 00:57:26
65,Janka,Gwynn,Account Coordinator,35,,,180-610-7398,jgwynn1s@istockphoto.com,2 Veith Crossing,Zavolzh’ye,8,606525,Maecenas ut massa quis augue luctus tincidunt. Nulla mollis molestie lorem. Quisque ut erat.,55017,2021-03-19 02:03:35
66,Kirsten,Luigi,Librarian,77,,,892-654-7023,kluigi1t@ow.ly,54865 Veith Alley,Ketanggungan,23,,Nulla ut erat id mauris vulputate elementum. Nullam varius. Nulla facilisi.,60451,2021-05-09 16:50:28
67,Cacilia,Ollerton,Assistant Manager,97,,,140-120-6938,collerton1u@opera.com,7957 Judy Pass,Orodo,16,,"Suspendisse potenti. In eleifend quam a odio. In hac habitasse platea dictumst.

Maecenas ut massa quis augue luctus tincidunt. Nulla mollis molestie lorem. Quisque ut erat.",40873,2021-04-23 05:17:42
68,Clayton,Rozycki,Senior Quality Engineer,90,,,737-951-6513,crozycki1v@networkadvertising.org,5 Haas Trail,Araras,19,13600-000,"Aenean lectus. Pellentesque eget nunc. Donec quis orci eget orci vehicula condimentum.

Curabitur in libero ut massa volutpat convallis. Morbi odio odio, elementum eu, interdum eu, tincidunt in, leo. Maecenas pulvinar lobortis est.",41289,2021-01-05 18:45:34
69,Juditha,Dunkerly,Mechanical Systems Engineer,22,,,458-388-8106,jdunkerly1w@xing.com,71 Mosinee Pass,Bobowa,6,38-350,"Curabitur in libero ut massa volutpat convallis. Morbi odio odio, elementum eu, interdum eu, tincidunt in, leo. Maecenas pulvinar lobortis est.",82425,2021-09-19 17:37:34
70,Fritz,Meachem,Help Desk Operator,52,,,312-302-3098,fmeachem1x@narod.ru,0 Summer Ridge Drive,Tapado,4,4640-580,"Integer tincidunt ante vel ipsum. Praesent blandit lacinia erat. Vestibulum sed magna at nunc commodo placerat.

Praesent blandit. Nam nulla. Integer pede justo, lacinia eget, tincidunt eget, tempus vel, pede.",40861,2021-09-01 00:37:36
71,Nina,Snodden,Chief Design Engineer,9,,,274-279-7149,nsnodden1y@disqus.com,6367 Packers Court,Cikandang,26,,"Cras non velit nec nisi vulputate nonummy. Maecenas tincidunt lacus at velit. Vivamus vel nulla eget eros elementum pellentesque.

Quisque porta volutpat erat. Quisque erat eros, viverra eget, congue eget, semper rutrum, nulla. Nunc purus.",28513,2021-03-12 20:24:47
72,Phillipp,McCaffery,Programmer IV,39,,,205-209-8505,pmccaffery1z@godaddy.com,96 Becker Drive,Mongu,12,,"Phasellus sit amet erat. Nulla tempus. Vivamus in felis eu sapien cursus vestibulum.

Proin eu mi. Nulla ac enim. In tempor, turpis nec euismod scelerisque, quam turpis adipiscing lorem, vitae mattis nibh ligula nec sem.",27459,2021-09-26 21:24:54
73,Evy,Hutchinges,Paralegal,56,,,251-677-5012,ehutchinges20@furl.net,33 Glendale Plaza,Kimil’tey,32,665375,Duis aliquam convallis nunc. Proin at turpis a pede posuere nonummy. Integer non velit.,37805,2021-02-22 11:08:31
74,Luella,Sahlstrom,Research Nurse,6,,,957-450-3965,lsahlstrom21@yellowpages.com,92 Bashford Road,Nong Saeng,12,41340,"Integer tincidunt ante vel ipsum. Praesent blandit lacinia erat. Vestibulum sed magna at nunc commodo placerat.

Praesent blandit. Nam nulla. Integer pede justo, lacinia eget, tincidunt eget, tempus vel, pede.",69122,2021-01-17 00:35:24
75,Teresa,Guerreau,Paralegal,37,,,279-687-1084,tguerreau22@boston.com,1443 Judy Avenue,Novonukutskiy,24,450049,Nullam porttitor lacus at turpis. Donec posuere metus vitae ipsum. Aliquam non mauris.,78318,2021-11-03 12:01:50
76,Jessika,Wolver,Web Developer III,31,,,582-278-7354,jwolver23@bloglines.com,13 Hintze Pass,Kobayashi,21,999-6735,"Duis bibendum, felis sed interdum venenatis, turpis enim blandit mi, in porttitor pede justo eu massa. Donec dapibus. Duis at velit eu est congue elementum.

In hac habitasse platea dictumst. Morbi vestibulum, velit id pretium iaculis, diam erat fermentum justo, nec condimentum neque sapien placerat ante. Nulla justo.",87322,2021-01-17 12:31:47
77,Arron,Guidotti,Nuclear Power Engineer,82,,,225-764-6375,aguidotti24@craigslist.org,35071 Rowland Plaza,Autun,20,71404 CEDEX,Integer ac leo. Pellentesque ultrices mattis odio. Donec vitae nisi.,67560,2021-02-12 07:20:12
78,Noreen,Flucker,Operator,52,,,765-265-2989,nflucker25@barnesandnoble.com,747 Carey Drive,Arteni,7,,"Maecenas leo odio, condimentum id, luctus nec, molestie sed, justo. Pellentesque viverra pede ac diam. Cras pellentesque volutpat dui.",82554,2021-10-30 07:57:17
79,Dalia,Kenewell,Marketing Manager,77,,,555-588-0843,dkenewell26@unc.edu,06 Lawn Terrace,Santa Rita do Sapucaí,30,37540-000,"Maecenas tristique, est et tempus semper, est quam pharetra magna, ac consequat metus sapien ut nunc. Vestibulum ante ipsum primis in faucibus orci luctus et ultrices posuere cubilia Curae; Mauris viverra diam vitae quam. Suspendisse potenti.",89862,2021-04-22 00:51:34
80,Maryanna,Mallinson,VP Accounting,5,,,708-331-9010,mmallinson27@woothemes.com,4 American Lane,Pont-à-Mousson,11,54704 CEDEX,"Duis consequat dui nec nisi volutpat eleifend. Donec ut dolor. Morbi vel lectus in quam fringilla rhoncus.

Mauris enim leo, rhoncus sed, vestibulum sit amet, cursus id, turpis. Integer aliquet, massa id lobortis convallis, tortor risus dapibus augue, vel accumsan tellus nisi eu orci. Mauris lacinia sapien quis libero.",59283,2021-08-11 12:01:37
81,Hoebart,Balden,Executive Secretary,51,,,921-818-0126,hbalden28@yellowpages.com,86049 Sheridan Street,Xidajie,13,,Integer tincidunt ante vel ipsum. Praesent blandit lacinia erat. Vestibulum sed magna at nunc commodo placerat.,44069,2021-04-24 00:21:14
82,Vic,Rickaert,Senior Developer,83,,,974-847-6936,vrickaert29@slashdot.org,6 Rusk Trail,Grimshaw,13,N4W,"Proin leo odio, porttitor id, consequat in, consequat ut, nulla. Sed accumsan felis. Ut at dolor quis odio consequat varius.",87718,2021-09-26 13:02:44
83,Viviyan,Crosio,Web Designer I,62,,,392-321-6268,vcrosio2a@spiegel.de,4 Hooker Way,Narukan,5,,Pellentesque at nulla. Suspendisse potenti. Cras in purus eu magna vulputate luctus.,40522,2021-02-27 16:52:47
84,Ingaberg,Charlet,Administrative Officer,49,,,267-968-4363,icharlet2b@is.gd,8 South Terrace,Janaúba,6,39440-000,"Phasellus sit amet erat. Nulla tempus. Vivamus in felis eu sapien cursus vestibulum.

Proin eu mi. Nulla ac enim. In tempor, turpis nec euismod scelerisque, quam turpis adipiscing lorem, vitae mattis nibh ligula nec sem.",67515,2021-04-21 16:40:56
85,Bellanca,Georgelin,Account Executive,80,,,394-646-2504,bgeorgelin2c@homestead.com,3 Swallow Trail,Daxing,21,,"Duis bibendum, felis sed interdum venenatis, turpis enim blandit mi, in porttitor pede justo eu massa. Donec dapibus. Duis at velit eu est congue elementum.

In hac habitasse platea dictumst. Morbi vestibulum, velit id pretium iaculis, diam erat fermentum justo, nec condimentum neque sapien placerat ante. Nulla justo.",98251,2021-09-29 10:14:25
86,Reinaldos,Eason,Marketing Manager,56,,,456-558-5962,reason2d@tumblr.com,84 Westerfield Alley,Sammatti,9,09220,Pellentesque at nulla. Suspendisse potenti. Cras in purus eu magna vulputate luctus.,39982,2021-05-24 07:45:32
87,Cassandry,Milliken,Recruiting Manager,70,,,111-328-4200,cmilliken2e@tripod.com,908 Vernon Trail,Quimbaya,7,634027,"Curabitur at ipsum ac tellus semper interdum. Mauris ullamcorper purus sit amet nulla. Quisque arcu libero, rutrum ac, lobortis vel, dapibus at, diam.",49881,2021-05-24 22:03:18
88,Gratiana,Dominguez,Junior Executive,39,,,594-992-1011,gdominguez2f@shinystat.com,2129 Bonner Center,Samut Sakhon,27,74000,"Morbi non lectus. Aliquam sit amet diam in magna bibendum imperdiet. Nullam orci pede, venenatis non, sodales sed, tincidunt eu, felis.",48217,2021-06-05 06:06:55
89,Cindee,Renoden,Operator,5,,,843-285-6836,crenoden2g@noaa.gov,88677 Welch Drive,Mekele,18,,"Fusce posuere felis sed lacus. Morbi sem mauris, laoreet ut, rhoncus aliquet, pulvinar sed, nisl. Nunc rhoncus dui vel sem.",62263,2020-12-23 11:16:03
90,Lenee,Romei,Internal Auditor,70,,,859-829-3245,lromei2h@youtu.be,41825 Claremont Pass,Balakhta,25,662340,"Morbi porttitor lorem id ligula. Suspendisse ornare consequat lectus. In est risus, auctor sed, tristique in, tempus sit amet, sem.",32101,2021-07-31 22:22:12
91,Zollie,Sporton,Marketing Manager,16,,,765-200-7780,zsporton2i@nifty.com,7612 Mosinee Point,Criação Velha,12,9950-225,Cras non velit nec nisi vulputate nonummy. Maecenas tincidunt lacus at velit. Vivamus vel nulla eget eros elementum pellentesque.,36429,2021-06-08 12:57:30
92,Risa,Janauschek,Sales Associate,40,,,803-684-0540,rjanauschek2j@go.com,516 Ludington Trail,Şūr,12,,"In congue. Etiam justo. Etiam pretium iaculis justo.

In hac habitasse platea dictumst. Etiam faucibus cursus urna. Ut tellus.",71794,2021-08-09 05:37:47
93,Claiborne,Porte,Senior Cost Accountant,6,,,108-658-8803,cporte2k@spiegel.de,4 Merchant Way,Porciúncula,9,28390-000,"Quisque porta volutpat erat. Quisque erat eros, viverra eget, congue eget, semper rutrum, nulla. Nunc purus.",76192,2021-08-18 21:16:16
94,Clyde,Gudge,Senior Quality Engineer,79,,,548-495-3171,cgudge2l@icio.us,99 Lien Lane,Tendō,4,999-3776,Nullam porttitor lacus at turpis. Donec posuere metus vitae ipsum. Aliquam non mauris.,43331,2021-09-28 11:07:21
95,Caron,Cromar,Graphic Designer,41,,,661-195-1833,ccromar2m@ft.com,53993 Spohn Lane,Hatsukaichi,10,738-0013,"Vestibulum quam sapien, varius ut, blandit non, interdum in, ante. Vestibulum ante ipsum primis in faucibus orci luctus et ultrices posuere cubilia Curae; Duis faucibus accumsan odio. Curabitur convallis.",70966,2021-11-09 02:19:27
96,Fransisco,Bruneau,Safety Technician II,41,,,452-399-5152,fbruneau2n@java.com,29 Forster Avenue,Nýřany,8,330 23,"In congue. Etiam justo. Etiam pretium iaculis justo.

In hac habitasse platea dictumst. Etiam faucibus cursus urna. Ut tellus.",82544,2021-08-29 08:01:46
97,Alene,Cypler,Safety Technician II,94,,,155-189-9985,acypler2o@rambler.ru,390 Ryan Junction,Karangbadar Kidul,29,,"Sed ante. Vivamus tortor. Duis mattis egestas metus.

Aenean fermentum. Donec ut mauris eget massa tempor convallis. Nulla neque libero, convallis eget, eleifend luctus, ultricies eu, nibh.",39684,2021-10-01 10:05:11
98,Eal,Penylton,Web Developer III,84,,,957-357-5327,epenylton2p@netvibes.com,5 Maple Wood Terrace,Surulangun Rawas,21,,In quis justo. Maecenas rhoncus aliquam lacus. Morbi quis tortor id nulla ultrices aliquet.,96201,2021-08-05 07:36:34
99,Paddy,Daymond,Legal Assistant,92,,,432-482-3016,pdaymond2q@e-recht24.de,999 Mockingbird Circle,Renfrew,6,K7V,"Duis bibendum. Morbi non quam nec dui luctus rutrum. Nulla tellus.

In sagittis dui vel nisl. Duis ac nibh. Fusce lacus purus, aliquet at, feugiat non, pretium quis, lectus.",33116,2021-09-09 09:05:42
100,Gabrila,Rickword,Sales Representative,7,,,342-372-6656,grickword2r@tiny.cc,047 Waywood Road,Chuanbu,11,,"Nullam porttitor lacus at turpis. Donec posuere metus vitae ipsum. Aliquam non mauris.

Morbi non lectus. Aliquam sit amet diam in magna bibendum imperdiet. Nullam orci pede, venenatis non, sodales sed, tincidunt eu, felis.",33181,2021-08-23 14:34:20
101,Hanna,Otham,Financial Analyst,33,,,353-940-9394,hotham2s@google.it,49091 Division Lane,Nezlobnaya,27,357839,"Vestibulum ac est lacinia nisi venenatis tristique. Fusce congue, diam id ornare imperdiet, sapien urna pretium nisl, ut volutpat sapien arcu sed augue. Aliquam erat volutpat.",61025,2021-03-28 08:10:22
102,Renaud,Abdie,Media Manager III,14,,,925-742-5268,rabdie2t@bbc.co.uk,2 3rd Park,Nazrēt,6,,"Proin interdum mauris non ligula pellentesque ultrices. Phasellus id sapien in sapien iaculis congue. Vivamus metus arcu, adipiscing molestie, hendrerit at, vulputate vitae, nisl.

Aenean lectus. Pellentesque eget nunc. Donec quis orci eget orci vehicula condimentum.",80170,2021-02-09 11:18:22
103,Josi,Rosenbush,Statistician I,69,,,269-140-2283,jrosenbush2u@xinhuanet.com,3960 Stoughton Circle,Longmen,27,,"Praesent blandit. Nam nulla. Integer pede justo, lacinia eget, tincidunt eget, tempus vel, pede.

Morbi porttitor lorem id ligula. Suspendisse ornare consequat lectus. In est risus, auctor sed, tristique in, tempus sit amet, sem.",79218,2021-01-12 09:46:05
104,Corny,Fermoy,Research Nurse,52,,,348-240-2221,cfermoy2v@usnews.com,45 Straubel Point,Jasionów,11,36-212,"Vestibulum quam sapien, varius ut, blandit non, interdum in, ante. Vestibulum ante ipsum primis in faucibus orci luctus et ultrices posuere cubilia Curae; Duis faucibus accumsan odio. Curabitur convallis.

Duis consequat dui nec nisi volutpat eleifend. Donec ut dolor. Morbi vel lectus in quam fringilla rhoncus.",69320,2021-05-29 16:06:30
105,Lacey,Sansam,Human Resources Assistant III,30,,,981-127-9049,lsansam2w@angelfire.com,6 Shelley Park,Tarkwa,30,,"Nullam sit amet turpis elementum ligula vehicula consequat. Morbi a ipsum. Integer a nibh.

In quis justo. Maecenas rhoncus aliquam lacus. Morbi quis tortor id nulla ultrices aliquet.",69899,2021-09-13 14:47:12
106,Joete,Bier,Budget/Accounting Analyst IV,33,,,627-178-4342,jbier2x@weebly.com,419 Golden Leaf Way,Itaporanga,15,18480-000,"Aenean fermentum. Donec ut mauris eget massa tempor convallis. Nulla neque libero, convallis eget, eleifend luctus, ultricies eu, nibh.",41801,2021-05-28 02:13:04
107,Farlay,Braithwait,Physical Therapy Assistant,35,,,621-812-3139,fbraithwait2y@miibeian.gov.cn,03966 Kinsman Park,Labrang,25,,"Lorem ipsum dolor sit amet, consectetuer adipiscing elit. Proin risus. Praesent lectus.

Vestibulum quam sapien, varius ut, blandit non, interdum in, ante. Vestibulum ante ipsum primis in faucibus orci luctus et ultrices posuere cubilia Curae; Duis faucibus accumsan odio. Curabitur convallis.",65615,2021-06-30 12:01:45
108,Tom,Reddle,General Manager,7,,,350-352-3138,treddle2z@shutterfly.com,8 Porter Way,Jiangwang,32,,"Quisque porta volutpat erat. Quisque erat eros, viverra eget, congue eget, semper rutrum, nulla. Nunc purus.",36251,2021-02-25 03:21:39
109,Ephrem,Audus,Administrative Assistant II,87,,,212-140-7422,eaudus30@vistaprint.com,5687 Waubesa Circle,Novyy Oskol,4,309642,"Duis bibendum, felis sed interdum venenatis, turpis enim blandit mi, in porttitor pede justo eu massa. Donec dapibus. Duis at velit eu est congue elementum.",42197,2021-01-28 14:59:19
110,Howey,Sansam,Clinical Specialist,7,,,166-289-6451,hsansam31@godaddy.com,02685 Birchwood Lane,Banquero,22,3303,"Sed sagittis. Nam congue, risus semper porta volutpat, quam pede lobortis ligula, sit amet eleifend pede libero quis orci. Nullam molestie nibh in lectus.

Pellentesque at nulla. Suspendisse potenti. Cras in purus eu magna vulputate luctus.",28450,2021-01-22 12:41:37
111,Manda,Bolderson,Legal Assistant,30,,,827-470-3519,mbolderson32@hibu.com,04 Park Meadow Plaza,Molde,1,6405,Nullam porttitor lacus at turpis. Donec posuere metus vitae ipsum. Aliquam non mauris.,40470,2021-05-27 06:25:41
112,Dody,Artindale,Civil Engineer,2,,,771-450-1751,dartindale33@infoseek.co.jp,71 Oriole Crossing,Yecun,4,,"Cras mi pede, malesuada in, imperdiet et, commodo vulputate, justo. In blandit ultrices enim. Lorem ipsum dolor sit amet, consectetuer adipiscing elit.",91184,2021-04-06 14:07:25
113,Valentijn,Kedward,Account Representative IV,15,,,214-149-4116,vkedward34@skype.com,371 Bartillon Terrace,Jialu,6,,"Morbi non lectus. Aliquam sit amet diam in magna bibendum imperdiet. Nullam orci pede, venenatis non, sodales sed, tincidunt eu, felis.",73185,2021-09-05 07:31:50
114,Chad,Shafe,Editor,50,,,753-793-7934,cshafe35@smugmug.com,099 Sugar Lane,Moquegua,34,,"Vestibulum quam sapien, varius ut, blandit non, interdum in, ante. Vestibulum ante ipsum primis in faucibus orci luctus et ultrices posuere cubilia Curae; Duis faucibus accumsan odio. Curabitur convallis.

Duis consequat dui nec nisi volutpat eleifend. Donec ut dolor. Morbi vel lectus in quam fringilla rhoncus.",76785,2021-08-08 04:56:59
115,Horton,Reppaport,Statistician IV,14,,,269-985-3472,hreppaport36@phoca.cz,305 Dwight Point,Palagao Norte,4,0918,"Duis aliquam convallis nunc. Proin at turpis a pede posuere nonummy. Integer non velit.

Donec diam neque, vestibulum eget, vulputate ut, ultrices vel, augue. Vestibulum ante ipsum primis in faucibus orci luctus et ultrices posuere cubilia Curae; Donec pharetra, magna vestibulum aliquet ultrices, erat tortor sollicitudin mi, sit amet lobortis sapien sapien non mi. Integer ac neque.",52459,2021-09-06 06:46:23
116,Frederico,Peschet,Computer Systems Analyst I,100,,,332-879-2172,fpeschet37@geocities.com,2448 Helena Drive,Río Ceballos,30,5113,Suspendisse potenti. In eleifend quam a odio. In hac habitasse platea dictumst.,73774,2021-05-22 20:31:24
117,Simona,O'Hallihane,Physical Therapy Assistant,92,,,854-123-2696,sohallihane38@opensource.org,126 Quincy Plaza,Huangling,32,,"Quisque id justo sit amet sapien dignissim vestibulum. Vestibulum ante ipsum primis in faucibus orci luctus et ultrices posuere cubilia Curae; Nulla dapibus dolor vel est. Donec odio justo, sollicitudin ut, suscipit a, feugiat et, eros.

Vestibulum ac est lacinia nisi venenatis tristique. Fusce congue, diam id ornare imperdiet, sapien urna pretium nisl, ut volutpat sapien arcu sed augue. Aliquam erat volutpat.",32070,2021-05-09 22:00:12
118,Marty,Darbon,Senior Cost Accountant,99,,,372-167-1238,mdarbon39@smugmug.com,59 Amoth Crossing,Bershet’,35,614551,"Donec diam neque, vestibulum eget, vulputate ut, ultrices vel, augue. Vestibulum ante ipsum primis in faucibus orci luctus et ultrices posuere cubilia Curae; Donec pharetra, magna vestibulum aliquet ultrices, erat tortor sollicitudin mi, sit amet lobortis sapien sapien non mi. Integer ac neque.",67833,2020-12-15 15:15:26
119,Agneta,Glede,Safety Technician II,44,,,131-252-4330,aglede3a@plala.or.jp,99 Kings Terrace,Petaling Jaya,27,46964,"Curabitur in libero ut massa volutpat convallis. Morbi odio odio, elementum eu, interdum eu, tincidunt in, leo. Maecenas pulvinar lobortis est.

Phasellus sit amet erat. Nulla tempus. Vivamus in felis eu sapien cursus vestibulum.",34222,2021-03-12 01:51:29
120,Bette,Hefforde,Senior Sales Associate,100,,,486-386-9605,bhefforde3b@ustream.tv,04 Kropf Alley,Gradići,15,10410,"Quisque id justo sit amet sapien dignissim vestibulum. Vestibulum ante ipsum primis in faucibus orci luctus et ultrices posuere cubilia Curae; Nulla dapibus dolor vel est. Donec odio justo, sollicitudin ut, suscipit a, feugiat et, eros.

Vestibulum ac est lacinia nisi venenatis tristique. Fusce congue, diam id ornare imperdiet, sapien urna pretium nisl, ut volutpat sapien arcu sed augue. Aliquam erat volutpat.",87984,2021-05-12 10:42:43
121,Lynde,Hulland,VP Quality Control,16,,,132-476-5235,lhulland3c@meetup.com,8 Delaware Circle,Jablunkov,16,739 91,In quis justo. Maecenas rhoncus aliquam lacus. Morbi quis tortor id nulla ultrices aliquet.,50674,2021-02-08 16:21:06
122,Eziechiele,Wixey,Assistant Professor,50,,,125-452-5349,ewixey3d@digg.com,81188 Magdeline Street,Jām Sāhib,34,76141,"Vestibulum ac est lacinia nisi venenatis tristique. Fusce congue, diam id ornare imperdiet, sapien urna pretium nisl, ut volutpat sapien arcu sed augue. Aliquam erat volutpat.",48757,2021-11-17 03:57:21
123,Sophronia,Garter,Financial Advisor,58,,,112-463-3026,sgarter3e@cpanel.net,95249 Merry Junction,Rosso,20,,"Maecenas leo odio, condimentum id, luctus nec, molestie sed, justo. Pellentesque viverra pede ac diam. Cras pellentesque volutpat dui.",61660,2021-07-07 22:58:38
124,Cosme,Mc Elory,Librarian,57,,,466-954-5314,cmcelory3f@si.edu,80418 Eliot Avenue,Forquilhinha,8,88850-000,"Fusce consequat. Nulla nisl. Nunc nisl.

Duis bibendum, felis sed interdum venenatis, turpis enim blandit mi, in porttitor pede justo eu massa. Donec dapibus. Duis at velit eu est congue elementum.",73353,2021-07-05 14:44:21
125,Sean,Guyonnet,Assistant Professor,92,,,206-595-9953,sguyonnet3g@cnbc.com,7313 Michigan Parkway,Zhagang,31,,"Donec diam neque, vestibulum eget, vulputate ut, ultrices vel, augue. Vestibulum ante ipsum primis in faucibus orci luctus et ultrices posuere cubilia Curae; Donec pharetra, magna vestibulum aliquet ultrices, erat tortor sollicitudin mi, sit amet lobortis sapien sapien non mi. Integer ac neque.

Duis bibendum. Morbi non quam nec dui luctus rutrum. Nulla tellus.",99299,2021-03-09 09:03:13
126,Maximilian,MacGee,Social Worker,46,,,996-366-8152,mmacgee3h@networksolutions.com,5 Summit Pass,Volokolamsk,19,215107,"Cum sociis natoque penatibus et magnis dis parturient montes, nascetur ridiculus mus. Vivamus vestibulum sagittis sapien. Cum sociis natoque penatibus et magnis dis parturient montes, nascetur ridiculus mus.

Etiam vel augue. Vestibulum rutrum rutrum neque. Aenean auctor gravida sem.",54720,2021-09-13 00:57:58
127,Loleta,Wibberley,Chemical Engineer,72,,,346-774-9549,lwibberley3i@va.gov,7 Westend Circle,Askeaton,26,P51,"Sed sagittis. Nam congue, risus semper porta volutpat, quam pede lobortis ligula, sit amet eleifend pede libero quis orci. Nullam molestie nibh in lectus.

Pellentesque at nulla. Suspendisse potenti. Cras in purus eu magna vulputate luctus.",44808,2021-11-17 05:56:14
128,Brandice,Jordison,Senior Sales Associate,23,,,473-918-2623,bjordison3j@etsy.com,178 Dixon Pass,Depapre,16,,"Duis bibendum. Morbi non quam nec dui luctus rutrum. Nulla tellus.

In sagittis dui vel nisl. Duis ac nibh. Fusce lacus purus, aliquet at, feugiat non, pretium quis, lectus.",48825,2021-07-17 17:48:59
129,Cherise,Cud,Health Coach II,16,,,875-841-9118,ccud3k@cnbc.com,06 Hallows Drive,Barrosa,31,2130-166,"In hac habitasse platea dictumst. Etiam faucibus cursus urna. Ut tellus.

Nulla ut erat id mauris vulputate elementum. Nullam varius. Nulla facilisi.",25207,2021-07-12 03:03:22
130,Audie,Mc Gaughey,Registered Nurse,42,,,533-525-4684,amcgaughey3l@yellowpages.com,8659 Hanover Way,Pomahuaca,1,,"Phasellus sit amet erat. Nulla tempus. Vivamus in felis eu sapien cursus vestibulum.

Proin eu mi. Nulla ac enim. In tempor, turpis nec euismod scelerisque, quam turpis adipiscing lorem, vitae mattis nibh ligula nec sem.",50327,2021-05-17 11:21:33
131,Ardath,Sikora,Systems Administrator II,99,,,691-220-0129,asikora3m@google.com.hk,74 Russell Junction,Nakhon Si Thammarat,24,57210,"Nullam sit amet turpis elementum ligula vehicula consequat. Morbi a ipsum. Integer a nibh.

In quis justo. Maecenas rhoncus aliquam lacus. Morbi quis tortor id nulla ultrices aliquet.",85473,2021-08-26 13:05:53
132,Baldwin,Keme,Graphic Designer,97,,,612-912-7256,bkeme3n@wikipedia.org,6642 Badeau Way,Losari,10,,"Integer ac leo. Pellentesque ultrices mattis odio. Donec vitae nisi.

Nam ultrices, libero non mattis pulvinar, nulla pede ullamcorper augue, a suscipit nulla elit ac nulla. Sed vel enim sit amet nunc viverra dapibus. Nulla suscipit ligula in lacus.",42059,2021-01-08 18:49:58
133,Alexis,Woollcott,Analog Circuit Design manager,20,,,761-998-7105,awoollcott3o@reddit.com,2 Lyons Parkway,Przybiernów,13,72-110,"Morbi porttitor lorem id ligula. Suspendisse ornare consequat lectus. In est risus, auctor sed, tristique in, tempus sit amet, sem.",41231,2021-02-04 20:21:59
134,Lindy,Filewood,Administrative Assistant IV,32,,,571-147-3881,lfilewood3p@army.mil,58054 Waywood Parkway,Sterling,15,20167,"Proin interdum mauris non ligula pellentesque ultrices. Phasellus id sapien in sapien iaculis congue. Vivamus metus arcu, adipiscing molestie, hendrerit at, vulputate vitae, nisl.

Aenean lectus. Pellentesque eget nunc. Donec quis orci eget orci vehicula condimentum.",75943,2021-09-25 15:10:42
135,Derry,Gonnard,Office Assistant III,68,,,942-131-7119,dgonnard3q@drupal.org,1 Farwell Crossing,Bandhagen,2,124 76,"In quis justo. Maecenas rhoncus aliquam lacus. Morbi quis tortor id nulla ultrices aliquet.

Maecenas leo odio, condimentum id, luctus nec, molestie sed, justo. Pellentesque viverra pede ac diam. Cras pellentesque volutpat dui.",75561,2020-12-17 00:47:40
136,Basil,Bonifazio,Electrical Engineer,52,,,326-300-5818,bbonifazio3r@loc.gov,53432 Mcbride Point,Banjar Tiga,7,,"In hac habitasse platea dictumst. Morbi vestibulum, velit id pretium iaculis, diam erat fermentum justo, nec condimentum neque sapien placerat ante. Nulla justo.",59288,2021-07-21 23:22:10
137,Annabela,Lidell,Help Desk Operator,82,,,225-171-3378,alidell3s@sciencedaily.com,666 Independence Point,Wushi,8,,"Proin leo odio, porttitor id, consequat in, consequat ut, nulla. Sed accumsan felis. Ut at dolor quis odio consequat varius.

Integer ac leo. Pellentesque ultrices mattis odio. Donec vitae nisi.",92510,2021-01-14 17:02:47
138,Ambrose,Leads,Help Desk Technician,54,,,639-438-0936,aleads3t@g.co,1665 Red Cloud Drive,Tebara,14,,"Duis bibendum, felis sed interdum venenatis, turpis enim blandit mi, in porttitor pede justo eu massa. Donec dapibus. Duis at velit eu est congue elementum.

In hac habitasse platea dictumst. Morbi vestibulum, velit id pretium iaculis, diam erat fermentum justo, nec condimentum neque sapien placerat ante. Nulla justo.",65037,2021-08-05 06:25:17
139,Gunar,Masseo,Marketing Manager,62,,,585-290-3004,gmasseo3u@freewebs.com,97 Reindahl Drive,Kinsealy-Drinan,30,D17,"Cum sociis natoque penatibus et magnis dis parturient montes, nascetur ridiculus mus. Vivamus vestibulum sagittis sapien. Cum sociis natoque penatibus et magnis dis parturient montes, nascetur ridiculus mus.

Etiam vel augue. Vestibulum rutrum rutrum neque. Aenean auctor gravida sem.",73903,2021-02-06 20:20:13
140,Vanda,McNair,Programmer Analyst I,70,,,384-805-7119,vmcnair3v@amazon.co.uk,4617 Kingsford Crossing,Liuli,1,,Nullam sit amet turpis elementum ligula vehicula consequat. Morbi a ipsum. Integer a nibh.,90066,2021-10-27 16:09:42
141,Annora,Hurren,VP Accounting,89,,,525-811-2039,ahurren3w@forbes.com,779 Lukken Way,Wuyang,13,,"Cras mi pede, malesuada in, imperdiet et, commodo vulputate, justo. In blandit ultrices enim. Lorem ipsum dolor sit amet, consectetuer adipiscing elit.

Proin interdum mauris non ligula pellentesque ultrices. Phasellus id sapien in sapien iaculis congue. Vivamus metus arcu, adipiscing molestie, hendrerit at, vulputate vitae, nisl.",82248,2021-07-02 16:01:17
142,Phoebe,Dadge,Legal Assistant,69,,,158-328-7400,pdadge3x@privacy.gov.au,147 Schurz Drive,Xiaolong,33,,"In hac habitasse platea dictumst. Etiam faucibus cursus urna. Ut tellus.

Nulla ut erat id mauris vulputate elementum. Nullam varius. Nulla facilisi.",71628,2021-08-18 16:34:54
143,Audra,Cogdon,Senior Editor,50,,,917-784-9391,acogdon3y@zimbio.com,1957 Pleasure Road,Krasnoye,7,652577,"Morbi non lectus. Aliquam sit amet diam in magna bibendum imperdiet. Nullam orci pede, venenatis non, sodales sed, tincidunt eu, felis.",43592,2021-12-03 10:29:48
144,Kippy,Jeggo,Computer Systems Analyst I,32,,,586-454-5313,kjeggo3z@163.com,76 Mallory Parkway,Vila Alva,13,7940-374,"Curabitur gravida nisi at nibh. In hac habitasse platea dictumst. Aliquam augue quam, sollicitudin vitae, consectetuer eget, rutrum at, lorem.",67540,2021-09-16 03:20:23
145,Rhea,McQuilliam,Recruiting Manager,97,,,865-616-6269,rmcquilliam40@state.tx.us,2 Warner Road,Bremerhaven,31,27576,Etiam vel augue. Vestibulum rutrum rutrum neque. Aenean auctor gravida sem.,61100,2021-04-14 04:54:21
146,Shir,Keepe,Nurse Practicioner,15,,,786-109-1868,skeepe41@addthis.com,80309 Ohio Street,Miami,35,33147,"Maecenas tristique, est et tempus semper, est quam pharetra magna, ac consequat metus sapien ut nunc. Vestibulum ante ipsum primis in faucibus orci luctus et ultrices posuere cubilia Curae; Mauris viverra diam vitae quam. Suspendisse potenti.

Nullam porttitor lacus at turpis. Donec posuere metus vitae ipsum. Aliquam non mauris.",47652,2021-08-29 08:49:09
147,Andee,Tiery,Quality Control Specialist,24,,,654-666-0059,atiery42@hp.com,85 Bultman Road,Caobi,24,,In congue. Etiam justo. Etiam pretium iaculis justo.,97463,2021-04-04 13:33:12
148,Brena,Mary,Associate Professor,21,,,512-315-3115,bmary43@noaa.gov,7930 Colorado Street,Austin,10,78726,"In quis justo. Maecenas rhoncus aliquam lacus. Morbi quis tortor id nulla ultrices aliquet.

Maecenas leo odio, condimentum id, luctus nec, molestie sed, justo. Pellentesque viverra pede ac diam. Cras pellentesque volutpat dui.",58344,2021-03-02 23:30:18
149,Gallard,Bellard,Paralegal,15,,,613-768-8763,gbellard44@unicef.org,8 Valley Edge Drive,Médanos,33,8134,"Morbi porttitor lorem id ligula. Suspendisse ornare consequat lectus. In est risus, auctor sed, tristique in, tempus sit amet, sem.

Fusce consequat. Nulla nisl. Nunc nisl.",80531,2021-04-09 13:40:45
150,Georgine,Greenough,Financial Advisor,14,,,296-844-6953,ggreenough45@unicef.org,18 Fisk Court,Shatalovo,23,162535,Duis bibendum. Morbi non quam nec dui luctus rutrum. Nulla tellus.,75867,2021-06-06 07:04:17
